image_name,labels,transcriptions
1134.jpg,Misogyny,如果结婚是好事的话 按照我国的国情 应该托关系走后门才能结婚
901.jpg,Not-Misogyny,狠狠期待 好了嘛
683.jpg,Misogyny,为什么不生孩子？ 让男的生呗 他们不是先生嘛？
768.jpg,Not-Misogyny,搞不懂呢 你知道滴 我不过是 来自大山深处的吗喽
178.jpg,Not-Misogyny,买完同款买同款 家里可以开展览
753.jpg,Not-Misogyny,叉会腰
630.jpg,Not-Misogyny,学习人出没
87.jpg,Not-Misogyny,人间不值得
1197.jpg,Not-Misogyny,我的心态 又不会死 大不了死 死了正好
1610.jpg,Not-Misogyny,当你坚持做自己，并且家人都支持你时：
1000.jpg,Not-Misogyny,我这样说 哥哥 你女朋友不会生气吧
55.jpg,Not-Misogyny,好荒唐 像是数学题精密计算后 车上只有0.5人的那种荒唐
1278.jpg,Not-Misogyny,我是自愿打工的
222.jpg,Misogyny,不要孩子 你将来病了怎么办？ 怎么的，这孩子是药引子啊？
114.jpg,Not-Misogyny,有点想你了 不过问题不搭 看帅哥能解决的 尽量不打扰你
725.jpg,Not-Misogyny,工作使我快乐！
1679.jpg,Misogyny,跟老公加亲戚关系不好 花钱大手大脚
818.jpg,Not-Misogyny,心情很好 45°+1 previous adj.以前的 所以嘴角上扬的弧度比平时多了一度
175.jpg,Not-Misogyny,今天工作do了吗？ 微do但do的不多 没有从早到晚都在do
1201.jpg,Misogyny,见者生儿子
1329.jpg,Not-Misogyny,今天周五
19.jpg,Misogyny,操你妈 贱货
424.jpg,Not-Misogyny,万试 OK
1337.jpg,Misogyny,说我态度有问题 是因为我占理了
286.jpg,Misogyny,我为什么非要伺候一个男人呢？ 脚不洗牙不刷胡子不刮
1448.jpg,Misogyny,婚前：孩子生了我带 婚后：你生的孩子，你不带谁带
429.jpg,Not-Misogyny,别人的假期
1286.jpg,Not-Misogyny,以前 以前叫托 现在 现在叫探店
1520.jpg,Misogyny,你不结婚我们走了以后你怎么办 你们要是不放心，我就跟你们一起走
32.jpg,Not-Misogyny,打起精神来
695.jpg,Misogyny,家产都是儿子的，养老也是儿子的事情。
1245.jpg,Not-Misogyny,朕，龙颜甚悦！
215.jpg,Not-Misogyny,警惕花言巧语 致敬、独立女性
602.jpg,Not-Misogyny,如果天天上班的话 没点素质也正常吧
327.jpg,Not-Misogyny,工作do了吗？ 微do
1550.jpg,Not-Misogyny,努力奋斗中
556.jpg,Not-Misogyny,说我说话难听 你话戳他痛处 破防了
1400.jpg,Misogyny,操你妈 栽种 呆逼 nmsl
342.jpg,Misogyny,举报电话12345 捐卵代孕属于违法犯罪行为 参与者、教唆者、组织者以【组织出卖人体器官罪】【非法经营罪】论处，处以拘役、管制、有期徒刑、罚金、没收财产 拒绝代孕 女性每月排卵一次，一次仅排一个卵。代孕过程中服药强制排卵，用30cm穿刺针反复15-30次 可能导致停经，创口感染，器官感人，甚至不孕不育 卵巢癌变 死亡
148.jpg,Not-Misogyny,响
361.jpg,Misogyny,你不结婚生孩子 以后老了谁照顾 只要我S的够快，就没人能照顾我
84.jpg,Not-Misogyny,小红书
49.jpg,Not-Misogyny,不可以 原则上可以
469.jpg,Not-Misogyny,老婆老婆老婆老婆 老婆老婆老婆 做梦也爱老婆
156.jpg,Misogyny,SB 给老子死 狠
1028.jpg,Not-Misogyny,I will pass all my exams 我将通过所有的考试
1194.jpg,Not-Misogyny,不忙但是不帮你忙
1030.jpg,Not-Misogyny,我以为的假期：17:59 回家！18:00
1389.jpg,Not-Misogyny,超常发挥 +10 +10 +10
501.jpg,Not-Misogyny,你为什么不快乐？ 请填写此表 找到快乐 A因为那些坏人 B因为我自己的错 C这个世界就是这样 D快乐毫无意义 快乐表格 文件缺失或损坏，请重新登陆。如果不行，如果不行，如果不 确定
180.jpg,Misogyny,好羡慕啊操你妈的
1388.jpg,Not-Misogyny,除了干饭，皆无向往 被窝以外，皆是他乡
584.jpg,Misogyny,趁年轻 赶紧生
1512.jpg,Misogyny,老娘独美 一人吃饱全家不饿 这个婚爱谁结谁结 反正我不结
529.jpg,Misogyny,你不生孩子 人类灭绝了怎么办 恐龙也生孩子 但恐龙灭绝了
347.jpg,Not-Misogyny,老板你睡了 我还没下班
1179.jpg,Misogyny,当男朋友说 不是我pua你 你这样的除了我 还有谁会要
1664.jpg,Not-Misogyny,白天两顿减脂餐 晚上骑手已接单
889.jpg,Misogyny,乖巧/聪明 他说：和同龄人比起来，你很聪明 你应该是那种乖乖女吧？
1296.jpg,Misogyny,放不开/放得开 他说：我以为你是那种很放得开的女生呢 你怎么这么放不开
1694.jpg,Misogyny,对情绪和支持的无条件期望 你可曾听过 对家务分工的默认认知 家里卫生你来收拾一下吧，女生会比较细心 还是应该女孩子来做饭 女人就是腰在家照顾小孩 女孩子应该还做家务 你怎么一点都不体谅人，一点女生的体贴都没有 女孩子比较会安慰人，帮忙劝劝吧 你应该多体谅一下，女生就是天生要温柔些
1559.jpg,Not-Misogyny,怎么回事？一大早就努力工作 這樣會破壤规矩
244.jpg,Not-Misogyny,周五周五 摸鱼为主
1254.jpg,Not-Misogyny,感觉好累 高峰时段，Kimi算力不足，无法处理较长文本。 你可以尝试开启一个新会话，或者过段时间再来问我。 再试一次 上班真的好累 人工智能cos人类 看了我的海量资料之后 kimi终于也遭不住了 有种改稿改了二十次 最后被告知 用第一版的无力感
313.jpg,Not-Misogyny,哥哥这么久不理人家 一定很忙吧 是吧 我理解哥哥的
436.jpg,Misogyny,重视女性安全 子宫不是商品 亲爱的女宝 卵子交易是违法的！无论遭遇什么艰难困境，都不要拿自己的身体作为交换 拒绝代孕 代孕的背后是无数女性拿命还钱 你连老板的加班都没办法拒绝，凭什么觉得代孕合法后，女性有权决定自己的子宫！ 每一次加入卖卵都是在助长这个黑色产业的壮大 无形中威胁到其他女性的安全 代孕过程中强制排卵，用30cm（相当于小臂长度）穿刺针反复穿刺15-30次。可能导致停经，创口感染，器官感人，甚至不孕不育 卵巢癌变 死亡 在中国，参与者、教唆者、组织者以【组织出卖人体器官罪】【非法经营罪】论处，处以拘役、管制、有期徒刑、罚金、没收财产 如果发现请向学校反映或拨打110打击犯罪团伙。地址代孕不要让子宫成为肮脏的交易工具。
1609.jpg,Misogyny,我以为我当好“姐姐”就能得到父母的认可 但我更像无根的浮萍 毕竟我父母常说 “嫁出去的女儿 泼出去的水”
713.jpg,Not-Misogyny,谁影响我我就放弃谁 有你没你我都是我
309.jpg,Misogyny,还不准备生孩子啊
431.jpg,Not-Misogyny,你这里有点问题 但没关系 我用ps帮你修好了
371.jpg,Misogyny,一定要生男孩
567.jpg,Not-Misogyny,2025新年快乐
722.jpg,Misogyny,现在不喜欢 生了你就喜欢了！ 现在不喜欢，不生我更喜欢。
182.jpg,Misogyny,为什么不生孩子？ 不知道啊 高考又不考
1381.jpg,Not-Misogyny,早上好，我的工友
760.jpg,Not-Misogyny,我很好
1069.jpg,Not-Misogyny,我的眼泪像兰州拉面 一样滚了出来
1560.jpg,Not-Misogyny,12:00 没见过这么精神的
297.jpg,Misogyny,亲戚：你不生孩子谁还记得你 我：你太奶奶叫什么你记得吗
1696.jpg,Misogyny,以前屁股大的女生 满身肥肉 水桶腰 不仅屁股大 还腿粗 在意别人眼光
462.jpg,Not-Misogyny,谢谢姐 吃到好東西了 又幸福了
1111.jpg,Misogyny,看到女人就烦
1076.jpg,Not-Misogyny,那份如此微博的也叫薪水？
378.jpg,Not-Misogyny,生活试图把我惹毛 发现我变得毛茸茸
1023.jpg,Not-Misogyny,男朋友眼里都是我 谁家的姑娘 女朋友
127.jpg,Not-Misogyny,今天学了吗？
926.jpg,Not-Misogyny,脆弱时间到 我们一起来祷告
619.jpg,Not-Misogyny,大好青年弄到人不像人，鬼不像鬼
356.jpg,Not-Misogyny,好心态 决定女人的一生
1378.jpg,Not-Misogyny,很爱上班这种感觉 饿不死 又挣不到钱 令人着迷
210.jpg,Not-Misogyny,候车大厅虽然吵 聊聊方案也很好
141.jpg,Misogyny,论傻逼 还得是您啊
1222.jpg,Misogyny,操你妈 听清没 操你妈
1399.jpg,Not-Misogyny,筋疲力尽
1038.jpg,Not-Misogyny,我去上班了 这个钱！我赚定了
1343.jpg,Not-Misogyny,逢考必过符 题目都会做的都对 高分到手拿证无忧 考神护体
1546.jpg,Not-Misogyny,我受够了你这cheap man
1681.jpg,Not-Misogyny,福啦 倒霉的又是我
1663.jpg,Not-Misogyny,已进入人才库
638.jpg,Not-Misogyny,我可真棒
1505.jpg,Not-Misogyny,精神涣散
11.jpg,Not-Misogyny,我是輕浮 我只是 情難自控
916.jpg,Not-Misogyny,强颜欢笑
283.jpg,Not-Misogyny,我十分想喝冰可乐！！！
292.jpg,Not-Misogyny,你那份甚么工作
1231.jpg,Misogyny,脱单了吧！我儿子刚生了第二个！什么时候你也生一个！
635.jpg,Not-Misogyny,我又不是不倒翁 为什么 我不能被挫折击倒
130.jpg,Not-Misogyny,当你的教授讲课特别有热情而且你能听懂并享受所有内容
324.jpg,Not-Misogyny,不把希望寄托在别人身上 能永远对自己好的人是自己
862.jpg,Misogyny,不生孩子你以后会后悔的 You will regret not having children in the future 我后悔了可以领养 你后悔了可以塞回去吗 I regret it. I can adopt it Can you put it back if you regret it
644.jpg,Not-Misogyny,那就这么说好吃 击掌
711.jpg,Not-Misogyny,嘻嘻 你真让人膈应
842.jpg,Misogyny,妈妈说 要想拿下男孩子的心 首先拿住他的胃
786.jpg,Not-Misogyny,早上：不吃 中午：不吃 晚上： 货拉拉车队正在为您送餐
835.jpg,Misogyny,你们总让我再生生生 我是心有余而银两不足啊
793.jpg,Misogyny,曹尼玛，告辞 CNM，SB
159.jpg,Not-Misogyny,在写了，在写了
1583.jpg,Not-Misogyny,怎么可能全部忍得住啊 又不是忍者来的 小委屈 我能忍
517.jpg,Not-Misogyny,NEWS 如果领导掉水里了 你该怎么做？ TV 咪咪 NEWS 先走OA审批 不批不敢捞
1215.jpg,Not-Misogyny,太好了是女人 我们有救了
598.jpg,Misogyny,话不投机，聊你妈逼 我日你妈卖批，告辞
196.jpg,Not-Misogyny,绝不精神内耗 老娘配享太庙
1507.jpg,Misogyny,兄弟如手足，妻子如衣服
1552.jpg,Not-Misogyny,硬撑
411.jpg,Not-Misogyny,爷的脆弱 仅你可见
97.jpg,Not-Misogyny,想不到吧 我还没下班
1053.jpg,Not-Misogyny,准备迎接夸奖
1339.jpg,Misogyny,我的父母： 你以后不生孩子 等你老了谁照顾你？ 妈妈别怕 我会治好你的 我： 妈妈吃饭
157.jpg,Not-Misogyny,谁周末还加班啊 原来是我
420.jpg,Not-Misogyny,敢来公司已经很厉害了
809.jpg,Misogyny,你不结婚，周围的亲戚都在说三道四 现在，就现在，咱们拉个群，我看看有谁！
478.jpg,Not-Misogyny,前途一片牛马
989.jpg,Not-Misogyny,经常消毒，坏运消除 坏运good bye
1269.jpg,Not-Misogyny,不会消息是吧 你现在是光鲜了 留我和孩子在乡下放牛
817.jpg,Not-Misogyny,星期日 让我看看你的真面目！ 星期五 我就知道！
1109.jpg,Misogyny,想买一本《情绪控制》 送给我老婆 110吗？这里有一个神经病 嫁的是人是狗，看送的礼物就知道了 — —《中国妈妈带娃图鉴》
448.jpg,Not-Misogyny,告诉考试 我不认输
1193.jpg,Misogyny,再生一个，凑成好字 万一又生一个儿子怎么办！
179.jpg,Misogyny,妈的累死爹了休息一下
391.jpg,Misogyny,坦克 肥婆 别吃了 丑 肥猪 水桶腰 好肥 怎么还吃 粗 大象腿
579.jpg,Misogyny,不是靓仔不要和我搭话 我操你妈逼啊
745.jpg,Not-Misogyny,学术论文
1456.jpg,Not-Misogyny,连屎都拉不出来 我现在一个 擅长的技能都没有了.....
811.jpg,Not-Misogyny,社恐内向 受不了肚子里有个陌生人
1402.jpg,Not-Misogyny,很爱上班这种感觉 饿不死又挣不到钱 令人着迷
1651.jpg,Not-Misogyny,需要说sorry 吗？
766.jpg,Misogyny,你结婚了，我们才能安心 安的啥心
1186.jpg,Not-Misogyny,这是国宴微臣不敢吃
942.jpg,Not-Misogyny,高高兴兴上学
143.jpg,Misogyny,什么时候结婚 死之前
1553.jpg,Not-Misogyny,我鬼混回来了
1005.jpg,Not-Misogyny,新年新气象
949.jpg,Not-Misogyny,再不摸鱼就该下班了
637.jpg,Not-Misogyny,offer+ 1 offer+ 1 offer+ 1 offer+ 1 offer+ 1 offer+ 1 of fer+ 1 offer+ 1 offer+ 1 offer+ 1 offer+ 1 Offer+ 1 offer+ 1 offer+ 1 吸引 offer
1475.jpg,Not-Misogyny,哎嘿...嘿嘿嘿 我上辈子一定是大好人 这辈子才能遇见这么美丽超级好的老婆
616.jpg,Not-Misogyny,当我情绪稳定的时候 我已经疯了
295.jpg,Not-Misogyny,真实的留子现况 穿搭我说把这个领子翻出来 精神状态 社交 出来没什么劲 外语水平 水 是杯子还是水
1326.jpg,Not-Misogyny,好油像你一样
1613.jpg,Not-Misogyny,老師，我可不可以..
89.jpg,Not-Misogyny,你最近还好吗？
42.jpg,Not-Misogyny,人生乱套我睡觉
1641.jpg,Not-Misogyny,听到了么 是流水线开工的声音
132.jpg,Not-Misogyny,这么巧？ 你也错峰睡觉啊
1395.jpg,Not-Misogyny,如果9点上班的意思是我9点就必须要公司 那不6点下班的意思不是 我6点就应该在家吗？
1157.jpg,Not-Misogyny,报一丝哈
1466.jpg,Misogyny,没人要的老女人
1573.jpg,Not-Misogyny,男的来了
906.jpg,Not-Misogyny,老婆不再 我也要乖乖睡觉 要想老婆！
165.jpg,Not-Misogyny,人生要走万里路 迈好强身第一步
291.jpg,Not-Misogyny,你觉得合适吗？
1607.jpg,Not-Misogyny,如果你有一个儿子 你得好好锻炼他
1097.jpg,Not-Misogyny,干了各位 祝福都在这里了
349.jpg,Misogyny,我妈：年纪大了，想抱孙子 我：让你做月嫂你又不肯
572.jpg,Not-Misogyny,成功女人第三步 嘴甜心狠
844.jpg,Misogyny,早插秧早收谷 早生孩子早享福
1600.jpg,Misogyny,人不聪明 个不高 胸又小 屁事还不少
875.jpg,Not-Misogyny,假期结束了 我的人生也完了 不上班带来经济问题 上班带来精神问题
1357.jpg,Not-Misogyny,看看我自己啦，漂亮能干
1121.jpg,Not-Misogyny,认真 本人求职
758.jpg,Not-Misogyny,陛下所言极是
459.jpg,Misogyny,我操你妈啊 吃爸爸一拳
376.jpg,Not-Misogyny,睁开眼睛
334.jpg,Not-Misogyny,奴才先行告退
967.jpg,Not-Misogyny,你瞅瞅多牛逼啊
1581.jpg,Not-Misogyny,别逼我打你 你的脑子呢？
1690.jpg,Not-Misogyny,世界再见
924.jpg,Misogyny,爸爸赚钱 妈妈赚钱 带娃 做饭 做家务 防小三 人情世故 陪娃睡觉 给娃洗澡 辅导作业 接娃上下学 老师随叫随到 参加学校活动 陪娃玩 陪娃看病 菜买零食 半夜给孩子 半夜喂孩子喝水 心理疏导 自我消化 管理好自己的情绪 观察孩子的身体变化
1538.jpg,Not-Misogyny,老師您放心 我一定會搞砸
1575.jpg,Misogyny,儿子10万 女儿5万
1143.jpg,Misogyny,被贴上“理所当然”的标签 我们该如何反抗 女孩子比较会安慰人，帮忙劝劝吧 你负责照顾孩子，这对妈妈来说不就是本分吗？ 年纪不小了，女生早点结婚才合适 你是女生，稍微打扮一下是应该的 你们女生心思细腻，这种沟通你去谈更好 女生还是适合比较稳定的工作，别太拼 女生要学会包容 看见不平等
329.jpg,Not-Misogyny,新年快乐 柿柿如意 2025
782.jpg,Not-Misogyny,早上：不吃 中午：不吃 晚上： 货拉拉正在为您送餐
319.jpg,Not-Misogyny,调休：中国人自己的时光机 什...什么? 昨天星期一 今天还是星期一
1304.jpg,Misogyny,cnm~biubiubiu~QAQ
1471.jpg,Not-Misogyny,人是没有必要非得吃三餐的 即使是被人掐住了咽喉！！ 我也要说
1477.jpg,Not-Misogyny,没关系 还在呼吸 已经很厉害了
168.jpg,Not-Misogyny,好饭！
13.jpg,Not-Misogyny,不要跟我讲道理 给钱就行了 你说啥都对
172.jpg,Not-Misogyny,跟表格干吧 至少能忘掉一切
650.jpg,Not-Misogyny,我是黑马
261.jpg,Not-Misogyny,移腚ok! 一定成功 啃腚能行！肯定能行 指腚成功！指定成功 一口咬腚 一口咬定你最棒
1542.jpg,Not-Misogyny,宝宝你好香身上有一股 上6休3上3休2上5休1上2休7 再上5休1 的班味 咪咪TV
1198.jpg,Not-Misogyny,我不是拖延症 我之所以等到最后一分钟才去做事 是因为那时候的我更老了 做事也会更成熟一些 无辜
673.jpg,Not-Misogyny,这是我一生中最勇敢的瞬间 远在世界尽头的你站在我面前
259.jpg,Not-Misogyny,女男平等
1019.jpg,Misogyny,nmb wcnm 能明白 我宠你吗？
139.jpg,Not-Misogyny,结果出来了，你脑子里全是放假 放假 嘿嘿....
550.jpg,Not-Misogyny,我没心情工作
778.jpg,Not-Misogyny,真娘们儿
1366.jpg,Not-Misogyny,已经懒得解释了 你说夜里有太阳 我说注意防晒
1059.jpg,Not-Misogyny,请给微臣一个明示
1279.jpg,Not-Misogyny,除了该睡的 时候不睡 其他时候 都想睡
559.jpg,Not-Misogyny,双手握住 简单的快乐
140.jpg,Not-Misogyny,勤力有用的话，乡下的牛早就发财了
1629.jpg,Not-Misogyny,蛇·年·灵·蛇·送·祝·福· 万事如意
532.jpg,Not-Misogyny,每个渺小的理由 都困住自由
225.jpg,Not-Misogyny,没有那种世俗的欲望
724.jpg,Not-Misogyny,下班了！！！！！
744.jpg,Misogyny,职场歧视 表现： “本岗位仅招男性” “当领导的大部分是男性” “女生就是容易有工作情绪” “你什么时候有生孩子的打算”
410.jpg,Not-Misogyny,前途一片归西
326.jpg,Not-Misogyny,忙且发疯 今日精神状态
874.jpg,Misogyny,我的父母：你以后不生孩子 等你老了谁照顾你？ 我：
300.jpg,Not-Misogyny,还是那句话：我真的很不错 礼貌太太 今天
1079.jpg,Misogyny,cnm cnm cnm cnm cnm cnm cnm cnm 看我不骂死你！
938.jpg,Misogyny,女人都是骗子
1141.jpg,Not-Misogyny,保佑我水到毕业
1576.jpg,Not-Misogyny,请雇我工作
715.jpg,Not-Misogyny,金箍棒，我们走
194.jpg,Not-Misogyny,命只有一条 要命的事不只一件
441.jpg,Misogyny,他们说：你要 顾家 白幼瘦 为家庭付出 勤劳朴素 留长发 温柔体贴 穿裙子 体制内 早结婚早生娃 为了孩子忍一忍 有女孩子的样子 保持身材 稳定下来 传宗接代 会撒娇 不打麻药为孩子好
574.jpg,Misogyny,结婚那么容易 离婚却又冷静期
504.jpg,Misogyny,让你怀孕洗个碗怎么了？ 谁怀孕不长纹的，就你金贵还涂个油
606.jpg,Not-Misogyny,看着我的刀再说一遍
974.jpg,Not-Misogyny,真是脏东西
1518.jpg,Misogyny,什么时候生娃？
4.jpg,Misogyny,当男朋友说 你只能属于我 你敢跟我分手 我就打断你的腿
1482.jpg,Not-Misogyny,小时候觉得30岁很老 到了30岁才醒悟：
1048.jpg,Misogyny,不结婚，不生孩子 永远不知道什么叫可怜天下父母心 不当父母我省心
468.jpg,Not-Misogyny,女人当然擅长数学
322.jpg,Misogyny,cnm听清没？ 我说cnm!!
6.jpg,Misogyny,女人的照片你也信
223.jpg,Not-Misogyny,从今天起我要用圣人的标准要求别人 用贱人的标准来要求自己
548.jpg,Not-Misogyny,请不要说： 上厕所 请说： 我去所里交点材料
1630.jpg,Not-Misogyny,光顾着上班 忘记上吊了
40.jpg,Not-Misogyny,还有哪个管得到老子？还有哪个管得到老子？
543.jpg,Not-Misogyny,咖啡醒脑的正确用法be like
243.jpg,Not-Misogyny,我要的是钱 OK
137.jpg,Not-Misogyny,震撼 美味！
1492.jpg,Not-Misogyny,熬夜惯犯
1341.jpg,Misogyny,cao ni ma 操你妈
964.jpg,Not-Misogyny,深度学习
988.jpg,Not-Misogyny,干饭
1666.jpg,Misogyny,你都30了 怎么还不结婚啊？
1207.jpg,Not-Misogyny,好心酸 是领一份薪资干八份活 “我...我很好啊” 却骗自己 我能力超群的心酸
969.jpg,Not-Misogyny,仕事始 我司雇我在
1549.jpg,Not-Misogyny,大吉大利 大吉大利
582.jpg,Not-Misogyny,呵女人
1661.jpg,Misogyny,以前屁股大的女生 身材焦虑 被嘲笑 自卑 被长辈说 这样的好生娃
1673.jpg,Not-Misogyny,我有密集恐惧症 不能接近心眼子太多的人
662.jpg,Not-Misogyny,"牛马 底薪3000, 我能接受 工人 一个月一万二那可不够"
1006.jpg,Not-Misogyny,请把牛马 还给大自然
1574.jpg,Misogyny,你现在不结婚 老了怎么办？活不下去就会死 死不就有活路
377.jpg,Not-Misogyny,我不想复习 不你想
1511.jpg,Not-Misogyny,你不去当厨子可惜了 甩锅这么厉害
315.jpg,Not-Misogyny,姐姐就算太忙也要注意身体 不然我会心疼的
443.jpg,Not-Misogyny,很喜欢周一 有种锒铛入狱的感觉
1114.jpg,Misogyny,探你妈 给老子死
320.jpg,Not-Misogyny,人 呢 在吗 你的宝宝回来了
282.jpg,Misogyny,是女孩，打掉！
845.jpg,Not-Misogyny,不吃野味，好运翻倍
1014.jpg,Not-Misogyny,吉时已到“下班”
1331.jpg,Not-Misogyny,人家要嘛~
425.jpg,Misogyny,为什么不生孩子？ 我社恐 接受不了肚子里有个陌生人 生不了
554.jpg,Not-Misogyny,含沙射影式 怼人却不自知的文案
595.jpg,Not-Misogyny,我钱呢。。鼠鼠我啊...我钱呢
1667.jpg,Misogyny,结了婚你的罪名就多了 不生娃 生的娃不是男娃
369.jpg,Misogyny,我的父母： 你不生孩子，老了谁照顾你？ 我：不用供孩子上学给婚买买车省的钱
1183.jpg,Not-Misogyny,哈哈
1176.jpg,Misogyny,已生儿子 一接一个准 #接儿子
983.jpg,Not-Misogyny,白月川川
1376.jpg,Not-Misogyny,躺平是我人生中最伟大的壮举
893.jpg,Not-Misogyny,这是成长 这也是成长
228.jpg,Not-Misogyny,我能说脏话吗？ 不能吗？ 那我没什么好说的了
905.jpg,Not-Misogyny,论眼光还是您短浅哈
1346.jpg,Not-Misogyny,多大点事啊
1260.jpg,Not-Misogyny,我真厉害
1156.jpg,Not-Misogyny,在公司我有三不做
67.jpg,Misogyny,以前的女生 言听计从 容易被cpu
394.jpg,Not-Misogyny,当事人 当时就是想吃，非常想吃
580.jpg,Not-Misogyny,我司雇我在
25.jpg,Not-Misogyny,好棒！ 拒绝加班
212.jpg,Misogyny,你不结婚我都睡不着 那就醒着 还能熬成国宝
1310.jpg,Not-Misogyny,上桌吃饭
998.jpg,Misogyny,出去上班说你不带娃 在家带娃说你不上班挣钱
537.jpg,Not-Misogyny,过年好
1118.jpg,Not-Misogyny,超级珍视自己的感受 勇敢离开让自己感到内耗的人和事
1104.jpg,Not-Misogyny,做不了找别人吧
86.jpg,Not-Misogyny,谢谢老板 实在吃不下了
1531.jpg,Not-Misogyny,早上好！让我看看是谁还没起床！
273.jpg,Misogyny,你不结婚我晚上都睡不着觉 那我就给您找个夜班上上
1235.jpg,Misogyny,你明白 我宠你嘛 NMB WCNM
1001.jpg,Misogyny,隔壁都二胎了
837.jpg,Misogyny,你什么你 你妈了个逼
1533.jpg,Misogyny,不生孩子你以后会后悔的 我后悔了可以领养 你后悔了可以塞回去吗
631.jpg,Not-Misogyny,给您拜年啦！
1643.jpg,Not-Misogyny,走一步算一步 STOP 实在不行死半路
1587.jpg,Not-Misogyny,贪吃蛇
1166.jpg,Not-Misogyny,如果鲁宾逊漂流到中国他就有两个星期五了
945.jpg,Not-Misogyny,大不了去死
506.jpg,Not-Misogyny,福
274.jpg,Misogyny,家里有孩子才热闹 咱俩现在吵一架不就热闹了
918.jpg,Misogyny,CNM 你个SB NMB 素质三连
1122.jpg,Not-Misogyny,你的小花招 成功引起了我的注意
363.jpg,Not-Misogyny,今天未读洋鬼子文献 请祖国放心
1374.jpg,Misogyny,科二都能挂了，怕生个孩子也能挂了 挂科的微笑 我混油皮，不适合生孩子
623.jpg,Not-Misogyny,好棒！ 准时上班
3.jpg,Misogyny,怎么还不生孩子？ 你还没投胎
7.jpg,Misogyny,只因为我是姐姐 我就要学会“牺牲” 但其实我也想有自己的人生 我今天很忙，没空辅导弟弟了 连弟弟都不肯帮，你可真冷血
312.jpg,Misogyny,滚你妈逼
1252.jpg,Not-Misogyny,有事直说 反正我也帮不了你
839.jpg,Not-Misogyny,些微有点晕字
666.jpg,Not-Misogyny,很内向 在工位都不敢学习
365.jpg,Not-Misogyny,这是蟠桃 这是黄桃 这是丫头你别想桃
1676.jpg,Misogyny,我去你妈逼
216.jpg,Not-Misogyny,过年好 过年好
868.jpg,Not-Misogyny,请雇我打工
28.jpg,Not-Misogyny,把不学习的都抓起来！——上岸村委会宣
1221.jpg,Not-Misogyny,蛇来运转
526.jpg,Not-Misogyny,等老娘练好就去干你
1556.jpg,Not-Misogyny,无所谓 晚上我会啃床
858.jpg,Not-Misogyny,一无所有不好吗
639.jpg,Misogyny,"操你媽逼（-30%） 操你妈逼 購買操你媽逼（-30%）组合包 -30%-55% 加入購物車 NTS1,513"
1051.jpg,Misogyny,爸妈又来催婚了 但我已经不烦了
719.jpg,Not-Misogyny,工作do了吗？ 你啰嗦了
692.jpg,Not-Misogyny,这我学过？
1335.jpg,Not-Misogyny,我有密集恐惧症 不能接近心眼子太多的人
625.jpg,Not-Misogyny,小狗给你力量 得到小狗力量的人都会 考试顺利 一飞冲天
8.jpg,Not-Misogyny,坚持住 忙完这阵子 就可以忙下一阵子了
257.jpg,Not-Misogyny,我有力量度过任何难关
804.jpg,Misogyny,头发长见识短，当初怎么就让你进门了呢 我见识短，您眼光高，这不才让我有机会进门么
26.jpg,Misogyny,为什么不生孩子？ 我有案底 峡谷里杀过太多人 生不了
337.jpg,Not-Misogyny,真油你的
573.jpg,Not-Misogyny,咩事?
48.jpg,Not-Misogyny,周五周五 眉飞色舞
1413.jpg,Misogyny,不生二胎 不旺夫 不伺候老公 不孝敬公婆
107.jpg,Misogyny,如果我晚婚有罪 请让法律制裁我 别当着我的面说我眼光高 背后又说我嫁不出去
350.jpg,Not-Misogyny,精神涣散
56.jpg,Not-Misogyny,成功女人第二步 只谈钱不谈感情
239.jpg,Misogyny,你参加婚礼看着别人结婚没啥想法啊？ 有啊，什么时候上菜
214.jpg,Not-Misogyny,你不行 谁行？
121.jpg,Not-Misogyny,我真厉害
1572.jpg,Misogyny,朋友：我都生了 你赶紧生 我： 我宫寒生不了呢
1318.jpg,Not-Misogyny,谢谢你 一路陪我到这里
794.jpg,Not-Misogyny,说我不合群 你没有迎合他不随大流
73.jpg,Not-Misogyny,按下骂人开关
813.jpg,Not-Misogyny,摇钱树怎么种 shake money tree
1469.jpg,Not-Misogyny,天天打工天天愁 天天加班像只猴
1608.jpg,Not-Misogyny,鼠了
915.jpg,Not-Misogyny,好笑吗
46.jpg,Not-Misogyny,老板说团建都有一劫 神仙公司团建：仪式感 牛马公司团建：无感 ...这对吗？可为什么人家公司 团建是音乐节
1426.jpg,Not-Misogyny,你超蒂
524.jpg,Not-Misogyny,两手空空心事重重
233.jpg,Misogyny,宫寒，还在在里面会冻坏 拿捏 不是不生，是调生，调到下辈子生
1579.jpg,Not-Misogyny,生死难料 先睡一觉
1248.jpg,Not-Misogyny,别跟我说话 我有洁癖
1284.jpg,Misogyny,CNM比心情
1424.jpg,Misogyny,你明白，我宠你嘛 NMB WCNM
534.jpg,Not-Misogyny,怎么肥柿
1138.jpg,Not-Misogyny,我是色盲 看不懂别人脸色
1285.jpg,Not-Misogyny,我这生活清汤寡水的 嘴巴毒一点怎么了
604.jpg,Misogyny,没人要的老女人
466.jpg,Misogyny,孩子带的好功劳不是你的 把孩子带好是你应该的
1275.jpg,Not-Misogyny,对我有欲望也是人之常情
789.jpg,Not-Misogyny,我的精神状态 finalweek 我
1442.jpg,Not-Misogyny,在做了在做了！！！
1270.jpg,Not-Misogyny,据我所知 我一无所知啊
1112.jpg,Not-Misogyny,明天开始减，先把这碗吃了
61.jpg,Misogyny,只因为我是姐姐 我就要“乖巧” 但为什么邻居家的哥哥不需要做家务呢？ 作为长女，你今天帮忙做饭，洗碗，帮弟弟泡奶粉
1080.jpg,Misogyny,过年的语言艺术催生二胎篇 今年由由上幼儿园了 就赶紧再生一个吧 不是房贷就是车贷没有时间研究下一代
93.jpg,Not-Misogyny,今日人设 脾气不太好的那女的
667.jpg,Misogyny,怎么还不生我了？ 我是i人，不想生不认识的人
894.jpg,Misogyny,你猫杯nmb
1678.jpg,Not-Misogyny,加班是一种 高级的趣味
195.jpg,Misogyny,哈哈他妈了b的
281.jpg,Not-Misogyny,活着又好像死了
696.jpg,Misogyny,生小孩 什么时候生小孩 早生对身体好 还不生孩子
360.jpg,Not-Misogyny,给朋友的备注： 卖粪的 (myfriend)
520.jpg,Not-Misogyny,感觉好累 有种不吃不喝 赶了七天工结果 成果是别人的无力感
1246.jpg,Not-Misogyny,摸了摸自己 发现硬硬的 原来是死了
1334.jpg,Not-Misogyny,知识的芬芳与温柔的力量 我都拥有
848.jpg,Misogyny,爸妈：你老了生病了 身边一个人都没有咋办？ 我：小病就治，大病等死
183.jpg,Not-Misogyny,如果晚上不准吃东西 那为什么冰箱里有灯
1161.jpg,Misogyny,他们说： 你头发这么短 没有女人味
1171.jpg,Not-Misogyny,不开任何玩笑 我现在真的觉得我已经精疲力尽了
111.jpg,Not-Misogyny,哈哈
1150.jpg,Not-Misogyny,你 就你！逢考必过
1047.jpg,Misogyny,你不生孩子 死了谁记得你呀 你太奶奶叫什么你记得吗
43.jpg,Not-Misogyny,鸭头 眼神是不会骗人的
747.jpg,Not-Misogyny,苦涩 ...挺好
126.jpg,Not-Misogyny,聪明不绝顶
205.jpg,Not-Misogyny,祝妳永远是自己
1206.jpg,Not-Misogyny,不论发生什么 都坚定站在自己这边
53.jpg,Not-Misogyny,我真的感觉 我已经 筋疲 力尽 了
1272.jpg,Misogyny,二胎政策开放以来 周围都是这样的声音 趁我们还能帮你带，赶紧多生一个 趁年轻多生一个，老了就生不了 人生要有一儿一女才是圆满的
546.jpg,Not-Misogyny,交给我就放心吧 包搞砸的
69.jpg,Misogyny,为了催生， 长辈们经常挂在嘴边的儿句话： 生孩子有什么好怕的， 哪个女人不是这样过来的” 不生孩子的女人是不完整的” 生完了你就喜欢孩子了” 看不见的女性困境
1199.jpg,Misogyny,快去给我生孩子
508.jpg,Not-Misogyny,让我今晚拥有 婴儿般的睡眠 老天保佑
1319.jpg,Misogyny,你现在不结婚 老了怎么办 把你挖起来陪我
330.jpg,Not-Misogyny,没出息没关系 有气息就好了
1429.jpg,Not-Misogyny,我办事你就闹心吧
184.jpg,Not-Misogyny,为什么不带上人家 你们在干嘛啊
138.jpg,Misogyny,你这孩子，咋还不结婚呢？ 快点找个好人家！
900.jpg,Not-Misogyny,我的爱 收好
797.jpg,Not-Misogyny,在学了 在学了
133.jpg,Not-Misogyny,I Love 油
81.jpg,Not-Misogyny,姐姐妹妹们，留在牌桌上。@东亚女孩野生实验
1371.jpg,Not-Misogyny,我又饿了 减肥真是太难了
106.jpg,Not-Misogyny,IELTS 19 Academic Authentic PracticeTests With Audio With Answers CAMBRIDGE
1314.jpg,Not-Misogyny,有空咱们一起去吃鱼吧 看你挺会挑刺
542.jpg,Not-Misogyny,人有悲欢离合 牛马点缀生活
940.jpg,Not-Misogyny,逢考必过 你 就你！
481.jpg,Not-Misogyny,偷偷学 卷死所有人
166.jpg,Not-Misogyny,周六上班 刻骨心酸 我岂止是没气血了 我简直是快没气了
249.jpg,Misogyny,家和万事兴
308.jpg,Not-Misogyny,八方来柴 柴圆滚滚
447.jpg,Not-Misogyny,我已經不是當年的窮小子了 現在的我是今年的窮小子
951.jpg,Not-Misogyny,找工作投简历 像是奴隶给自己找个奴隶主
859.jpg,Not-Misogyny,我不会再相信爱情 但是我会
335.jpg,Not-Misogyny,整个人状态非常好
1037.jpg,Not-Misogyny,我养你啊 笨
850.jpg,Not-Misogyny,别熬夜了 实在睡不着熬锅粥拉早市去卖吧
98.jpg,Not-Misogyny,已读 不值得回
1349.jpg,Not-Misogyny,出现了、比我钱包 更干净的東西： 我的简历
1677.jpg,Not-Misogyny,好棒！ 会开电脑
738.jpg,Misogyny,老子最烦女人了
1074.jpg,Not-Misogyny,放心肯定来不及
1240.jpg,Misogyny,hello kitty 看了都想把你摁在地上打 并决定建议你先死一死 公主发出银铃般的笑声 我草 贱死了
422.jpg,Misogyny,其他人：你以后不生孩子 等你老了谁照顾你？ 我：
103.jpg,Misogyny,人善变人妻
435.jpg,Misogyny,为什么不结婚？ 我怕我自己出轨
75.jpg,Misogyny,我问姐妹为什么不生孩子 一个说宫寒 怕冻着孩子
1522.jpg,Not-Misogyny,窒息
910.jpg,Not-Misogyny,我很好
1035.jpg,Misogyny,你不结婚，我晚上都睡不着觉 睡不着不妨找个夜班上上？
229.jpg,Not-Misogyny,有惊无险 又到五点 I miss home in company 我的打工mbti是 HOME
1543.jpg,Not-Misogyny,这年头 真是什么人都有
919.jpg,Not-Misogyny,温暖的太陽、 舒爽的和風 啊啊~ 活著真是一件 美好的事情 。
303.jpg,Not-Misogyny,放假啦！放假啦！放假啦！放假啦！放假啦！放假啦！hhhhhhhhhh
1699.jpg,Misogyny,重男轻女的家庭
1425.jpg,Not-Misogyny,我的脑子它 刚刚离家出走了 芜湖
1382.jpg,Not-Misogyny,两眼一睁 干到熄灯
825.jpg,Not-Misogyny,你的戏可以像 你的钱一样少吗 你还想怎么样 我还没怪你呢
763.jpg,Not-Misogyny,人有悲欢离合 牛马点缀生活 生活
734.jpg,Not-Misogyny,要素颜哦～邪魅一笑 拍个照给姐看看
389.jpg,Not-Misogyny,这是药丸 这是牛肉丸 这是对你爱爱爱不完
236.jpg,Misogyny,妈妈说：你不结婚 我晚上都睡不着觉
1406.jpg,Not-Misogyny,在吗 人呢？ 你的宝宝回来了
1555.jpg,Misogyny,为什么不生二胎 喜欢奇数
268.jpg,Not-Misogyny,这么爱熬夜 上辈子会不会是路灯
306.jpg,Not-Misogyny,刻薄的小女孩来啦！ 就是我！
1133.jpg,Not-Misogyny,是我不对 又把你当人看了
1007.jpg,Not-Misogyny,要开心呀姐妹 财神不渡怨妇
118.jpg,Not-Misogyny,还愿意工作已经很厉害了
1441.jpg,Misogyny,我操你妈逼，傻逼，狗 逼，贱逼，逗逼
674.jpg,Not-Misogyny,人心换人心 换不了的话我换人
250.jpg,Not-Misogyny,顾的 顾的 歪瑞顾的
1234.jpg,Misogyny,你不结婚 那谁吃苦啊
1218.jpg,Not-Misogyny,这场手术需要病人在无意识的状态下进行 好吧
72.jpg,Not-Misogyny,世事在变，我说，天下不再是男孩和男人的了。 The world is no longer Boys and men's too.
95.jpg,Not-Misogyny,骄傲！
1089.jpg,Not-Misogyny,买完同款买同款 家里可以开展览
34.jpg,Misogyny,家庭绑架 表现： “你怎么还不生孩子啊” “就应该男主外，女主内” “你不需要工作，我可以养你”
800.jpg,Not-Misogyny,怎么不带男朋友回家？ 他有家 咪咪TV
1243.jpg,Misogyny,以后有钱了，三金会补给你的 涂妊娠油有什么用，我们当时不是照样过来了，瞎用东西再伤到我大孙子
1423.jpg,Not-Misogyny,当国庆节跟女友出去旅游时 等会就要检票 出去玩喽
449.jpg,Not-Misogyny,是你吧
446.jpg,Not-Misogyny,周一美式 一周没事
772.jpg,Misogyny,SB 请跟我读
717.jpg,Not-Misogyny,五彩斑切涮身上挂 晚上加班不害怕
1081.jpg,Not-Misogyny,得意 俺真厉害
1293.jpg,Not-Misogyny,蛇年大吉
1.jpg,Not-Misogyny,朋友 你的公司好眼熟 有点像我的 神仙公司十周年庆： 请霞虹花园乐队演出助兴 几素 牛马公司十周年庆： 饮水机畅饮 能给我交个社保看看吗
1394.jpg,Misogyny,女性一生要承受的语言暴力 22岁：身材这么烂还敢秀出来，脸皮真厚。 23岁：你长得这么普通，又没什么经验能干什么工作？ 24岁：活该，穿那么暴露不就死活想被摸吗！ 27岁：年纪轻轻就做了高层，肯定被潜规则啦！ 28岁：快30岁了还不嫁人，我在你这个年纪都是两个孩子的妈了！ 30岁：这把年龄还没嫁出去，不会是老处女吧！ 31岁：女人不生小孩，人生都不是完整的！
1169.jpg,Misogyny,你们这些年轻人 为什么都不愿意生孩子
78.jpg,Not-Misogyny,财源滚滚 爷 我想你了....
85.jpg,Not-Misogyny,老婆大人 为夫来了
145.jpg,Misogyny,/
83.jpg,Misogyny,我CNM 鸭
458.jpg,Not-Misogyny,用甄煨传的语气 表达 我在找工作
1101.jpg,Misogyny,劝 婚姻不幸福的人 又来劝我早点成家了
677.jpg,Not-Misogyny,你的伟大在于 成为自己
1635.jpg,Not-Misogyny,人生开挂
1233.jpg,Misogyny,女人就知道拜金
1356.jpg,Not-Misogyny,快乐时不必分心想起我 难过时请一定记得联系我
437.jpg,Not-Misogyny,那这些都是他的问题吗 有病的是他 让他明天 早点来找我
771.jpg,Not-Misogyny,我听见快乐在召唤！！
870.jpg,Not-Misogyny,没事哒，没事哒 没~事~哒！
645.jpg,Not-Misogyny,停止内耗！你是最棒的！ 先喝口淳茶舍冷萃茶RELAX一下 低温慢 沏 自然回甘 打工够苦了 冷萃茶不苦！我的打工mbt是：RELAX
863.jpg,Not-Misogyny,强
1041.jpg,Misogyny,要早生小孩 生孩子！ 还不生小孩吗？ 早生早好 生二胎 快生小孩
977.jpg,Misogyny,去你吗的
1095.jpg,Misogyny,你现在不结婚 老了怎么办 按当地习俗办
1348.jpg,Misogyny,小杂种 叫你妈逼
1266.jpg,Not-Misogyny,愿秋风 知我意 赐我十亿人民币
1008.jpg,Misogyny,不结婚不对 结婚不生孩子不对 光生男孩不对 光生女孩不对 ENEN 听我说
405.jpg,Misogyny,一个小孩太孤单了，再生一个有伴儿 我看他挺享受的
1473.jpg,Misogyny,No2 女性太感性，不适合当领导？
1108.jpg,Not-Misogyny,一眨眼就到周一了 早知道不眨眼了
1347.jpg,Misogyny,我不结 你们结 我没有爱的男人
105.jpg,Misogyny,哎呦！ 你妈逼的！ 还敢还嘴！
610.jpg,Not-Misogyny,纯牛马
1050.jpg,Not-Misogyny,我只是个小孩子 别要求这么多嘛
1135.jpg,Not-Misogyny,周一好 不好也周一了
689.jpg,Misogyny,找个有钱的老公 瘦才好看 白幼瘦 相夫教子 女人就是要会做饭 早点生孩子小南瓜大无脑 勤俭持家 染头发纹身一看就不是好女孩 女子无才便是德 理科不行 女的读这么多书有什么用 男阿姨 感性思维 穿这么性感不就是给我们看的吗 剩女 红颜祸水 月经 女孩子就要矜持 过了三十没人要 贤惠 条件差不多就行了 撒娇女人最好命 传宗接代 好嫁风
1113.jpg,Not-Misogyny,过年好！
827.jpg,Not-Misogyny,我错了 下次还敢
63.jpg,Misogyny,父母 弟 田 扶弟
853.jpg,Not-Misogyny,我不是无路可走 我还有 死路一条
1290.jpg,Not-Misogyny,不开心
224.jpg,Not-Misogyny,不下牌桌
146.jpg,Misogyny,老子最烦女人了
374.jpg,Not-Misogyny,成功女人第一步 已读不回
1465.jpg,Not-Misogyny,分来 分从四面八方来 分分分分
1551.jpg,Not-Misogyny,今天加班 虽然你上班早 但是你下班晚啊 LABOR DAY
1271.jpg,Misogyny,到什么年龄做什么事，该结婚了就要结婚 到了死的年龄 就一定要去死吗？
1365.jpg,Not-Misogyny,小狗躺了下去
1086.jpg,Not-Misogyny,好棒！ 没有旷工
10.jpg,Misogyny,真好笑 操你妈的
450.jpg,Not-Misogyny,哥哥这么久不理人家 一定很忙吧 我理解哥哥的
709.jpg,Not-Misogyny,教授： 最近essay有什么问题吗？ W 字数：0 没有问题
256.jpg,Not-Misogyny,可能是我太敏感 为难你了 总在意一些小事
883.jpg,Not-Misogyny,没事就多闻花香 比如 五花肉的香 *嗅嗅嗅
390.jpg,Not-Misogyny,就是想要贴贴嘛
909.jpg,Not-Misogyny,这是烤冷面 这是刀削面 这是你在我的心里面
925.jpg,Not-Misogyny,交论文咯～
1454.jpg,Not-Misogyny,小狗帮你测过了 菩萨会保佑你 你接下来的考试都会考神附体
1056.jpg,Misogyny,对工作选择的刻板期待 你可曾听过 对育儿和家庭角色的习惯性分配 孩子需要妈妈的陪伴，你尽量别加班了 女人带孩子最有耐心，爸爸没这个天赋 妈妈牺牲一点也值得 既然选择当了妈妈，就要以家庭为重 女生还是选个安稳点的工作，将来更好兼顾家庭 技术类岗位太辛苦，女生不太适合 工作别太拼了，女生到了一定年龄就该考虑家庭了 你工作这么拼，未来家庭和事业能平衡吗？ 看见不平等
461.jpg,Not-Misogyny,白天吃兴奋剂都兴奋不起来 晚上吃安眠药都安眠不了
1085.jpg,Not-Misogyny,只要明天要早起 晚上就进入失眠模式
959.jpg,Not-Misogyny,再也不会生产阳光了
502.jpg,Not-Misogyny,打起精神
740.jpg,Not-Misogyny,我的头好痛 可能是知识渊博 要溢出来了
1569.jpg,Not-Misogyny,请雇我工作
869.jpg,Not-Misogyny,你说天天放假多好
732.jpg,Misogyny,千万别接！！ 接了一定生男孩！！
540.jpg,Misogyny,你不结婚我晚上都睡不着觉 刚好找个夜班上
698.jpg,Not-Misogyny,我的饮食原则 想吃什么就吃什么，至于后果 以后的事情以后再说
1416.jpg,Misogyny,赶紧生个龙宝宝 已经生了猫宝宝。
1170.jpg,Not-Misogyny,在笨蛋也超级没关系 快乐的秘密！
1032.jpg,Not-Misogyny,我这个年纪 怎么会睡不着觉？
373.jpg,Misogyny,儿子 女儿
668.jpg,Misogyny,吃柠檬吧cnmb
1300.jpg,Not-Misogyny,有人说我脾气坏 好猴是另外的价钱
358.jpg,Misogyny,被物化 表现：你有素颜照吗？ 你三围是多少 你身高有165吗
968.jpg,Misogyny,窝操尼麻
784.jpg,Not-Misogyny,交给我你就操心吧 目光坚定 任务表
736.jpg,Not-Misogyny,枪枪复枪枪 枪枪何其多
1036.jpg,Misogyny,只因为我是姐姐 我就被人“嫌弃” 不然为什么大家都叫妈妈快点追生男二胎呢？ 大家是不喜欢我吗 **家生了一个儿子 趁年轻快生二胎 我有一个求子秘方
971.jpg,Not-Misogyny,无爱即是神 No love is God
1299.jpg,Not-Misogyny,陛下何错之有？
1264.jpg,Not-Misogyny,呦吼
1652.jpg,Misogyny,女性一生要承受的语言暴力 32岁： 生了小孩就该在家好好带娃，别想着出去工 作！ 33岁： 还有二胎的打算吗？我们觉得你生娃后空窗 期的这几年，与社会脱轨，无法达到我们公司的招人标准。 35岁： 男人在外赚钱，家务就该你们女人来做！ 46岁： 说够了没有，你现在跟个泼妇一样！ 48岁： 离过婚的女人都是二手货！ 55岁： 有完没完啊，我长大了不用你说，难怪你更年期！
1444.jpg,Not-Misogyny,老師您的心腹來啦
1464.jpg,Misogyny,容貌焦虑 眼睛再大一点 A4腰 九头身 再瘦一点 高颅顶 脸再小一点 头包脸 巴掌脸 大眼睛 高鼻梁 腰再细一点 直角肩 天鹅颈 白幼瘦
886.jpg,Misogyny,您都50了 怎么还没生二胎啊？
80.jpg,Misogyny,姐今天下午生了一个儿子 姐非常开心，激动
815.jpg,Not-Misogyny,真的很喜欢周五 有种刑满释放的感觉
1175.jpg,Misogyny,假猪套，我操你妈 听见没，操你妈
672.jpg,Misogyny,不结婚？你不要命啦 不结婚上哪儿受气去
1306.jpg,Not-Misogyny,我房间里的WiFi信号
58.jpg,Not-Misogyny,再催 创死
134.jpg,Not-Misogyny,终于下班了
934.jpg,Not-Misogyny,蒂
1436.jpg,Not-Misogyny,好委屈 像是买份期待已久的薯条 却被海鸥 无情叼走的委屈
824.jpg,Not-Misogyny,老鼠药
505.jpg,Not-Misogyny,找工作视力表 钱 事少 离家近 不加班 双休 不打卡 下班不联系 老板、领导人好脸 交通便利办公环境 有年终奖加班有加班费餐补 公司规模行业前景 我的人生巅峰
1510.jpg,Not-Misogyny,以后你走你的独木桥 我吃我的过桥米线
348.jpg,Misogyny,不生二胎 二胎生的不是男娃
387.jpg,Not-Misogyny,米饭帮我盛满谢
1025.jpg,Not-Misogyny,*店家推出买一送一活动 想让你找朋友或男/女 朋友一起来买 一个人爽喝两杯的我
895.jpg,Not-Misogyny,没事的 轻舟已撞大冰山
829.jpg,Misogyny,再要个二胎吧 生男秘方
1604.jpg,Misogyny,辣么凶干嘛 有话 好好说 操你妈的
476.jpg,Misogyny,我也不是逼你，我确实喜欢孩子 去当月嫂，又有 孩子，还有钱
1250.jpg,Misogyny,这是我的理想身材 天鹅颈 直角肩 蝴蝶背 蜜桃臀 A4腰 筷子腿 理想身材模版 但这不是我的身体
1188.jpg,Not-Misogyny,社会上的边角料 妈妈眼里的小骄傲
653.jpg,Misogyny,以前的女生 女子无才便是德 早点嫁人
173.jpg,Not-Misogyny,你就为了这件事把我们叫出来？
39.jpg,Not-Misogyny,三十岁中年人 的疲惫
714.jpg,Not-Misogyny,我投递的简历 我收到的offer
91.jpg,Not-Misogyny,我不会下班的 我的工作永远做不完
1644.jpg,Not-Misogyny,耶嘿
876.jpg,Not-Misogyny,我的假期完了 我的人生也是
1147.jpg,Not-Misogyny,好冰想你说的话一样
1094.jpg,Misogyny,眞受不了 女人實在是有够讨厌
1158.jpg,Misogyny,他们说： 女的学这些 有什么意义？
1662.jpg,Not-Misogyny,愿秋风 知我意 赐我十亿人民币
500.jpg,Misogyny,好厉害的傻逼！ 我先躲起来了
339.jpg,Not-Misogyny,泪水打湿猪脚饭 发誓要赚一百万
29.jpg,Not-Misogyny,你走吧 我对苦海有瘾 过不惯在蜜罐里泡着的日子
1126.jpg,Not-Misogyny,周一周一奄奄一息
1545.jpg,Not-Misogyny,想回家种地 因为玉米 不会半夜给我打电话 说他明天想结俩芒果
946.jpg,Not-Misogyny,拿一句去“调戏”哥哥
170.jpg,Not-Misogyny,加班一宿，精神抖擞
913.jpg,Misogyny,兄弟如手足，女人如衣服
492.jpg,Not-Misogyny,谁说青春没有售价 惊爆价 9.99/h 原价： 10.99 我的青春限时特价
954.jpg,Not-Misogyny,三十五只羊 一只羊 四只羊 九只羊 两只羊 五十只羊 三只羊 六只羊 五只羊 二十只羊 八十只羊 七只羊 八只羊 九十五只羊
1098.jpg,Not-Misogyny,你不喜欢过年？ 不是不喜欢过年
1033.jpg,Not-Misogyny,给您赔个笑脸 笑了就不能打我了哦 生活 因为伸手不打笑脸狗
588.jpg,Not-Misogyny,我一听到“上班”两字就头疼
751.jpg,Not-Misogyny,我一定行！
658.jpg,Not-Misogyny,下班了 今天的苦就先吃到这里
235.jpg,Not-Misogyny,委屈我有什么好委屈的 这一切都是我自作孽啦
733.jpg,Not-Misogyny,和别的女生说话 扣20分
1474.jpg,Not-Misogyny,请雇我工作
1387.jpg,Misogyny,逼大龄职场女人拼二胎 你们好歹毒的心肠啊
935.jpg,Not-Misogyny,生活试图把我绊倒 发现我早已躺下
1066.jpg,Not-Misogyny,对对对 您说的都对
109.jpg,Not-Misogyny,确认过眼神 是过年还要加班的人 Thursday
1315.jpg,Not-Misogyny,公主请把他们豆沙了 sha sha sha sha sha sha
569.jpg,Not-Misogyny,开始等过年
891.jpg,Not-Misogyny,使不得使不得啊
948.jpg,Misogyny,兄弟如手足，女人如衣服
1049.jpg,Not-Misogyny,刚去苗疆学了下蛊 哥哥你逃不掉了厚
1450.jpg,Misogyny,你妈个逼
1165.jpg,Not-Misogyny,很喜欢这种勉强又坚持的感觉
1230.jpg,Not-Misogyny,让我托福过100
885.jpg,Not-Misogyny,不用客气 这是你应该谢的
1472.jpg,Not-Misogyny,调休给我的感受就像： 太挤了！我好累！ 放心，我制定了非常详细的放松方案 发明调休的人
851.jpg,Not-Misogyny,她在书写自己的历史Herstory
735.jpg,Not-Misogyny,祝我们永远鲜活
718.jpg,Not-Misogyny,水一生命之源 带给人无尽的小便
455.jpg,Not-Misogyny,这都看不出吗！ 我没有生气呀
265.jpg,Misogyny,结婚那么好还用催吗？ 钱掉地上我不知道捡吗
76.jpg,Misogyny,女性刻板印象 TOP5 女性更适合做家务？ NONONO 女性都是马路杀手？ NONO 女性不适合学理科？ NONO 女性不适合当领导？
445.jpg,Not-Misogyny,好茶
396.jpg,Not-Misogyny,请不要给我东西吃 我很极端 没有一点自制力 喂一点东西我就暴饮暴食5田 把胃涨的大大的 满脑子全是要莎了你！
177.jpg,Not-Misogyny,没人可以這樣對我話 除了是給我薪水的那個人，謝謝
1043.jpg,Not-Misogyny,呵 姐就看看 你能放出什么好屁
1499.jpg,Misogyny,你不结婚到底在怕什么？ 我怕我出轨
1191.jpg,Not-Misogyny,然而事实是 你和晚霞一样耀眼
1173.jpg,Not-Misogyny,你很牛嘛 放下你的身段
596.jpg,Not-Misogyny,有必要的话 我就钱债肉偿
62.jpg,Misogyny,结婚都不需要户口本了 门槛这么低的证 能是啥好证
873.jpg,Misogyny,你不结婚我都抬不起头 正好低着头走路
1524.jpg,Not-Misogyny,这是什么绝世小可爱
1594.jpg,Not-Misogyny,无所谓，也有点累
279.jpg,Misogyny,那些刻板印象 外貌审视 好黑 好胖 就这身材还敢裙子呢 你算什么， 轮得到你说
37.jpg,Misogyny,不结婚你伺候谁一家老小去 不结婚 你给谁洗衣做饭
663.jpg,Not-Misogyny,牛马的命也是命！
1534.jpg,Not-Misogyny,没事的 轻舟已经后空翻
1228.jpg,Misogyny,乖乖，我娃多吃些！
978.jpg,Not-Misogyny,不要了不要了 可以放兜里
1340.jpg,Not-Misogyny,暴雨天 牛会躲窝里 马会住棚里跑 牛马 会想尽办法出门上班
739.jpg,Not-Misogyny,在普通的目子里 睡大觉
192.jpg,Not-Misogyny,说我态度有问题 你占理他在挑刺
920.jpg,Not-Misogyny,还是那句话：我真的很不错
457.jpg,Not-Misogyny,男的来了
676.jpg,Not-Misogyny,你不要过来啊 论文
761.jpg,Not-Misogyny,快乐的步伐
1535.jpg,Not-Misogyny,在做了 再催你来做
729.jpg,Not-Misogyny,你好 美丽的女士
413.jpg,Not-Misogyny,生活试图置我低谷 发现我爱低价谷
1099.jpg,Not-Misogyny,过年好
826.jpg,Not-Misogyny,大雨向下 祝全世界女人 女人向上
617.jpg,Not-Misogyny,这一生敢爱敢恨 唯独不敢量体重
115.jpg,Not-Misogyny,我愿意和你在一起 哪怕。。。 是以蟑螂的身份
418.jpg,Not-Misogyny,一点点开心 小开心 哇～ 大开心！ 超级无敌开心！
1619.jpg,Misogyny,你忙吧NMB
970.jpg,Not-Misogyny,有空咱们一起去吃鱼吧 看你挺会挑刺
605.jpg,Not-Misogyny,别和体重斤斤计较 吃得开心最重要
1626.jpg,Not-Misogyny,精力充沛
90.jpg,Not-Misogyny,听我解柿
849.jpg,Misogyny,生个男孩 再生一个
1605.jpg,Misogyny,操你妈 speak your mother
1625.jpg,Not-Misogyny,让我看看是谁放假了 哦！是我自己！
754.jpg,Not-Misogyny,好吃。
499.jpg,Not-Misogyny,求你了 我也要急哭了啦 就放过我这一次吧 好不好嘛T^T 别催了别催了 马上
12.jpg,Not-Misogyny,烂又如何呢 从茄煲饭的角度说 越烂不是越美味吗
397.jpg,Not-Misogyny,想我这种粘人的小宝宝 受到一丝一毫的冷落 心都会碎掉
285.jpg,Not-Misogyny,不去了 我还要学习
1067.jpg,Not-Misogyny,工作再忙 也不要忘记摸鱼哦 来瓶冷萃茶，班味散去 我的打工mbti是：FISH
1192.jpg,Not-Misogyny,下班啦 还有谁能管我！ 还有谁能管我！
691.jpg,Misogyny,怎么还不生孩子？ 应届生没经验
1390.jpg,Misogyny,找对象了吗？
1653.jpg,Not-Misogyny,已老实 求放过
690.jpg,Not-Misogyny,这次指定能瘦
852.jpg,Misogyny,不生孩子将来病了怎么办 孩子将来时能当药吗
160.jpg,Not-Misogyny,我不管 就要粘着哥哥嘛
896.jpg,Misogyny,说我不懂事 是因为我没听你的话
1344.jpg,Misogyny,你不结婚，我头都抬不起来 那咱就低头走路
258.jpg,Not-Misogyny,对我有欲望也是人之常情
336.jpg,Not-Misogyny,工作都Do了吗 微Do Do的不多 40%吧
1595.jpg,Not-Misogyny,小猫往大爷碗里放蟑螂说是枣
1040.jpg,Misogyny,我的父母: 你不生孩子，老了谁照顾你? 我：
516.jpg,Not-Misogyny,哈哈！又到了听这小子 瞎胡扯的时间了
1016.jpg,Not-Misogyny,短小精悍 怼人怼到他无语
769.jpg,Not-Misogyny,我明白了 你想当我女人
1488.jpg,Not-Misogyny,为甚么这么一个美女 会喜欢这样的一滩屎呢？
762.jpg,Misogyny,社会上很多 女人都是骗子 社会上很多女人都是骗子
1204.jpg,Misogyny,你不结婚生孩子 以后老了死了都没人给你烧纸 那不可能，我有手有脚，可以在下面打工
1247.jpg,Misogyny,再生一胎，两个孩子不孤单
1685.jpg,Misogyny,不生孩子将来病了怎么办 What should I do if l get sick in the future if I dont have a child 孩子是治疗我的特效药吗 Is the child the effective medicine for treating me
522.jpg,Not-Misogyny,拜托拜托～
23.jpg,Not-Misogyny,我发柿
357.jpg,Not-Misogyny,假期里长的肉 用加班瘦回去
1498.jpg,Not-Misogyny,放假啦！！！！！
341.jpg,Misogyny,？给你妈两筒子，cnmd
432.jpg,Misogyny,你现在不结婚 老了怎么办 无所谓，我活不到老
474.jpg,Not-Misogyny,在做了 再催你自己做
218.jpg,Misogyny,不生二胎 不旺夫 不伺候老公 不孝敬公婆
912.jpg,Not-Misogyny,生胖气
1361.jpg,Not-Misogyny,闭上双眼你最挂念谁
1012.jpg,Misogyny,你不要小孩 你死了谁记得你呀 你还记得你太奶奶叫什么吗
1655.jpg,Not-Misogyny,走 和哥私奔 （牵手
94.jpg,Not-Misogyny,最重要的就是天天要加班 人生才有意义
1009.jpg,Not-Misogyny,不要哭，我最亲爱的人 时空是个圆圈 直行或是转弯我们最终都会相见
1071.jpg,Misogyny,为什么不生孩子？ 我一肚子坏水 生不了 怕给孩子淹死
1093.jpg,Not-Misogyny,很喜欢放假 有种刑满释放的感觉 开朗 阳光 小红书
697.jpg,Not-Misogyny,当女友结束了与男友的争执 男友：好啦...对不起啦... 女友：
1578.jpg,Misogyny,不生孩子老了谁养你 不养孩子我会省下一笔巨额财产
997.jpg,Misogyny,我操你妈
154.jpg,Not-Misogyny,睡大觉 睡大觉 睡大觉 我又不是勤劳的小蜜蜂
1100.jpg,Not-Misogyny,加班这件事就像爱情
1467.jpg,Not-Misogyny,我宇宙无敌超级爱你
1698.jpg,Not-Misogyny,我当然不怪哥哥 只怪自己 抓不住哥哥的heart
790.jpg,Not-Misogyny,挨骂？易如反掌
581.jpg,Not-Misogyny,没关系 打开简历已经很厉害了
704.jpg,Not-Misogyny,双数很好很吉利 所以我的双下巴 一定会常来好运
1213.jpg,Not-Misogyny,催什么催 活不到明天了吗？
1421.jpg,Misogyny,其他人：你以后不生孩子 等你老了谁照顾你？ 我：妈妈快吃吧
488.jpg,Misogyny,不结婚父母老了怎么办？ 不放心就把我也一起带走吧
560.jpg,Not-Misogyny,周六上班 坐立难安 周六要补周二的班 为什么不周二补周六的班
1142.jpg,Not-Misogyny,我有什么缺点你尽管说 我放大给你看
1120.jpg,Not-Misogyny,加班手牵手 谁都别想走
802.jpg,Not-Misogyny,你好 我在上班路上
513.jpg,Misogyny,你把油放锅里 看看油溅还是你贱
634.jpg,Misogyny,天天好吃懒做的，就知道花钱 结婚还化啥妆，想勾引谁？
1256.jpg,Not-Misogyny,你是高层，你自己决定
1519.jpg,Not-Misogyny,女人会独立 闪耀又美丽
1151.jpg,Not-Misogyny,光顾着上班 忘记上吊了 来杯「红气石榴草莓！ 一键复活！
791.jpg,Not-Misogyny,红包呢 别逼我跪下拜年
117.jpg,Not-Misogyny,2025 新年快乐 新年如意 柿柿如意
741.jpg,Not-Misogyny,喜欢会发光的男孩 比如财神和如来
1082.jpg,Not-Misogyny,给您拜个早年 恭喜发财 要红包 谢谢您 新的一年祝您暴富 我没钱了 要大红包
831.jpg,Not-Misogyny,调休 中国人自己的时光机
120.jpg,Misogyny,不知死活的臭女人
657.jpg,Not-Misogyny,我踏马吃吃吃
1616.jpg,Not-Misogyny,早上：鸡蛋 中午：黄瓜 晚上： 黄河以南的牛烩长江以北的羊
636.jpg,Not-Misogyny,想我了就来大草原找我 我当牛马了
370.jpg,Misogyny,你只管生 生后我帮你带
269.jpg,Misogyny,你不生，以后下去了都没人给你烧纸 你再说，你下去了，我也不给你烧
656.jpg,Not-Misogyny,没事就多自我提高 比如 多吃马蹄糕
936.jpg,Not-Misogyny,你可以的 你是棒棒的小汪汪
823.jpg,Not-Misogyny,早上：不吃 中午：不吃 晚上： 货拉拉车队正在为您送餐
867.jpg,Not-Misogyny,我宣布下班
47.jpg,Not-Misogyny,姐可以，姐能行 姐就是聪明美丽奋斗批
1457.jpg,Not-Misogyny,星期二 求死day 星期三 未死day
992.jpg,Misogyny,夫妻本是同林乌 作业来时爸爸飞 — —《中国妈妈带娃图鉴》
877.jpg,Not-Misogyny,周五周五 敲锣打鼓
774.jpg,Not-Misogyny,你的假期比较松弛 但是呢 你的调休又弥补了这一部分
1220.jpg,Misogyny,贤惠 他说：感觉你以后会是那种贤妻良母 你真贤惠，什么时候能吃到你做的饭 如果我们在一起，你一定能代替我妈照顾好我
1700.jpg,Not-Misogyny,你在克制对我的喜欢是吧
5.jpg,Not-Misogyny,成功女人第五步 他拽就要甩
1004.jpg,Not-Misogyny,打劫！
1470.jpg,Misogyny,送你两个大字 傻逼
264.jpg,Not-Misogyny,救救我 热鼠了热鼠了～
1670.jpg,Not-Misogyny,女子 好！
1554.jpg,Not-Misogyny,我在笑呀
444.jpg,Not-Misogyny,斗志昂扬 准备去打工
1003.jpg,Misogyny,我还想抱孙子呢！ 我可以教你爷爷/奶奶
1078.jpg,Misogyny,你没老公老了 生病怎么办 咋的，老男人是药引？
838.jpg,Not-Misogyny,调休给我的感受就想：太挤了！我好累！ 放心，我制定了非常详细的放松方案 发明调休的人
1521.jpg,Not-Misogyny,读研不是因为我好学 而是因为我 贱
305.jpg,Not-Misogyny,欺骗餐
1327.jpg,Not-Misogyny,活力十足
314.jpg,Not-Misogyny,我的心里只有学习
150.jpg,Not-Misogyny,轻断食 轻轻的咬断食物
1149.jpg,Not-Misogyny,年后再说
1214.jpg,Misogyny,你怎么还不结婚？ 没钱，要不你借我点？
575.jpg,Misogyny,你妈逼你结婚了 NMB you mary le ma
51.jpg,Not-Misogyny,希望 好运 健康 平安 快乐 暴富 顺利 都鼠于你
1323.jpg,Not-Misogyny,我爱自己的任何样子 永远值得好好爱自己
727.jpg,Not-Misogyny,命缩力 形容看起来没有什么生命力 浑身虚弱没劲的样子
834.jpg,Not-Misogyny,你不行谁行
1116.jpg,Not-Misogyny,你就是比别人好 友谊永恒卡 至少在我这是
1167.jpg,Not-Misogyny,我不困啊 我精神抖擞
471.jpg,Not-Misogyny,调休的5大好处 砖家
972.jpg,Not-Misogyny,女的最行
654.jpg,Not-Misogyny,这是ok小狗 看到它OK 接下来的所有考试都会很ok
400.jpg,Misogyny,SB ZZ QNM NC FK CNM NMB RNM MMP
512.jpg,Not-Misogyny,你最好关嘴
321.jpg,Not-Misogyny,小狗知道你很努力 所以小狗知道你一定会成功
20.jpg,Not-Misogyny,没关系，你只是脑子有点毛病，问题不大
685.jpg,Misogyny,祝你生八个儿子
36.jpg,Misogyny,别人结婚时你在想什么 在想什么时候上菜
903.jpg,Not-Misogyny,不可能考不好 因为我是中国人
828.jpg,Not-Misogyny,不是我说 论老公 还是纸片的好哪
1526.jpg,Misogyny,说我脾气不好 是因为我没顺着你
408.jpg,Misogyny,女人都是祸害
921.jpg,Misogyny,我憋不住月经 我不检点 生不了 我得了绝症 近视眼 生不了
538.jpg,Not-Misogyny,可以滚吗？
759.jpg,Misogyny,NMB 你忙吧
1063.jpg,Not-Misogyny,和你在一起真好
1200.jpg,Not-Misogyny,领导我身体有点舒服 想请几天假再舒服舒服
246.jpg,Not-Misogyny,曾经我也心疼别人 后来喝中药调理好了
1128.jpg,Misogyny,女性一生要承受的语言暴力 4岁：如果你妈头胎生的是男孩，就不会生你了！ 8岁：这是男孩子才玩的，女孩子打什么篮球！ 10岁：你好脏了，裤子都是血！ 16岁：你是“奶牛”吗，跑起来和别人不一样！ 18岁：不好好学习天天就在瞎打扮，搔首弄姿！ 19岁：打游戏不要带女的，太菜了！ 20岁：你怎么这么娇气，喝点红糖水就好了！ 21岁：倒车入库都学不会，你们女学员真难教！
785.jpg,Misogyny,我应届生没经验，不会生 生孩子啊，老师好像没教
490.jpg,Not-Misogyny,你是电 你是光 你是唯一的神话
155.jpg,Not-Misogyny,你不会生气了吧 我开玩笑哒
962.jpg,Not-Misogyny,嗯嗯嗯 是是是 您也太厉害啦
854.jpg,Not-Misogyny,一把子坠入爱河了晕 这小子对我下蛊了吧
1312.jpg,Not-Misogyny,没事就多打滚 比如 看看驴打滚
626.jpg,Misogyny,老大不小了，再晚点生完就不好恢复了！ 不生我恢复个啥
686.jpg,Misogyny,你参加婚礼不会有想结婚的念头吗？ 难道你参加别人的葬礼 会有想死的念头吗？
570.jpg,Not-Misogyny,你一定能考上
1617.jpg,Not-Misogyny,没柿
18.jpg,Misogyny,他们说： 车开成这样 一定是女司机吧
128.jpg,Not-Misogyny,重点 重点 知识 知识 重点 重点 知识
1280.jpg,Not-Misogyny,还是那句话：地球没有不行
1672.jpg,Not-Misogyny,大哥大姐过年好
928.jpg,Not-Misogyny,大事化小笼包
981.jpg,Not-Misogyny,身体Sn元素开始作怪 S-Stupid n-脑萎缩
1668.jpg,Misogyny,干你妈 傻b，操你妈
191.jpg,Not-Misogyny,红包拿来 抢
1140.jpg,Not-Misogyny,大人向上 大雨向下
993.jpg,Not-Misogyny,胖罐子胖摔
1660.jpg,Not-Misogyny,我们总会被生活中一些人惹恼 现在有一 退火良方： 陈皮4.5g 半夏3g 甘草0.9g 茯苓3g 三碗水大火熬成一碗 然后趁热泼到对方身上
1621.jpg,Misogyny,重男轻女
607.jpg,Not-Misogyny,由衷盼望 世上每一位女性都可以怀抱更远大、更无限的梦想。
181.jpg,Not-Misogyny,撒娇娇
302.jpg,Not-Misogyny,好笑 又在装了
497.jpg,Not-Misogyny,知道谁的潜力最大吗 就是你
1458.jpg,Not-Misogyny,备忘录 完成 留子的四大归宿 健身房肌肉怪 夜店咖 手里有个冰冰凉的啤酒 比什么都重要 恋爱舔狗 别走好吗 学术奴隶 流下痛苦的泪水 在改了真的在改了
1417.jpg,Not-Misogyny,为什么要对我重拳出击 我好脆弱啊 我又不是打拳的
1686.jpg,Not-Misogyny,地球旋转我吃饭
518.jpg,Not-Misogyny,失业了找不到工作怎么办 找工作 没关系你还有五条路可走
1070.jpg,Not-Misogyny,一日未脱贫 工作不能停
477.jpg,Misogyny,掏... 掏枪枪 上膛... 操你妈逼！
158.jpg,Not-Misogyny,冒味问一下 你忙完了吗？ 可以陪陪你的小宝贝吗 我在一旁都快被晾干了
1244.jpg,Misogyny,大家好 我是脏话熊猫 我操你妈逼
1196.jpg,Not-Misogyny,只有通宵加班的人 才懂第一缕阳光的美
17.jpg,Not-Misogyny,我究竟再干嘛 社畜 底层 韭菜 干着一份想死的工作 目的竟然是为了谋生
1073.jpg,Not-Misogyny,一手抓考研一手抓考公一手抓考编 一手抓找工作一手抓自媒体
1675.jpg,Misogyny,很奇怪，每次我说想养小狗 长辈们就会劝我 你才多大先把自己照顾好再说 你养得起吗 小狗也是一条生命你要想清楚 你有能力对它负责吗 让我生小孩的时候却从来没人这么说
547.jpg,Not-Misogyny,我警告你，你不要警告我
659.jpg,Not-Misogyny,朕是天子！
1385.jpg,Misogyny,父母：等你结婚了我们就安心了 我：你安的什么心？
1020.jpg,Not-Misogyny,钱途无量
1418.jpg,Misogyny,我翘李妈
960.jpg,Not-Misogyny,下班了！
1597.jpg,Not-Misogyny,加油！是西红柿总会发光的！
284.jpg,Misogyny,Nol 女性不适合学理科？
798.jpg,Misogyny,这一点都不女孩子！ 适合学文科 文静柔弱 乖巧可爱 小鸟胃 爱喝小甜酒 贤惠持家 很感性 女司机
1386.jpg,Misogyny,红尘琐事 老衲早已无牵挂 再漂亮的腿也只是一副炮架 再好看的胸也只是一对扶手罢了
226.jpg,Not-Misogyny,我错了老公
27.jpg,Misogyny,催婚 就是一场精神谋杀 只要你想，什么时候都不晚 和我一起，找到自己，活在当下——袁先生的精神世界
1506.jpg,Misogyny,你不结婚我们 走了你咋办 要不把我也带走？
438.jpg,Not-Misogyny,早上：蛋白一个 中午：蛋黄一个 晚上：爆炒侏罗纪
1654.jpg,Not-Misogyny,不是敏感而是、敏锐
230.jpg,Misogyny,孩子还希望你多抽点时间陪陪他 社会提倡女性要经济独立 国家提倡你要生二胎三胎 ENEN 听我说
38.jpg,Misogyny,接男宝啦 接了一定有 #接男宝
750.jpg,Not-Misogyny,生活试图予我坎坷 发现我是跨栏冠军
1046.jpg,Not-Misogyny,我为什么胖啊 是心里有事难瘦
470.jpg,Misogyny,那些刻板印象 所谓事业型女性 这么强 谁能hold得住你 女生这么拼干嘛 女人应该在家相夫教子 @懒懒羊的日常
1443.jpg,Not-Misogyny,活着其实很好 再吃一颗苹果
1671.jpg,Not-Misogyny,今天和老婆干啥好呢
688.jpg,Misogyny,你把油放锅里 看看油溅还是你贱
1563.jpg,Misogyny,看到别人结婚你都没想法？ 有啊，我想快点上菜
640.jpg,Misogyny,社恐，怕和孩子见面 我得了绝症 近视眼 生不了！
1461.jpg,Not-Misogyny,爱吃的人运气不会差 因为 食来运转
1219.jpg,Not-Misogyny,我恭喜你发财 我恭喜你精彩
1159.jpg,Misogyny,女人不是好东西 一个个都是骗子
1484.jpg,Not-Misogyny,钱虽然没挣着，倒也没白干 起码累着了 ￥0.03 我的打工mbti是：POOR
1301.jpg,Not-Misogyny,This is true music这才是真正的音乐
1547.jpg,Misogyny,我的父母：你以后不生孩子 等你老了谁照顾你？ 妈妈 我： 喝酒
801.jpg,Misogyny,你不生孩子 人类灭绝了怎么办 恐龙也生孩子 但恐龙灭绝了
161.jpg,Not-Misogyny,好事奖励我 坏事渡我 凡事发生必有利于我
957.jpg,Misogyny,跟老公加亲戚关系不好 花钱大手大脚
1187.jpg,Not-Misogyny,你瞅瞅多牛逼啊
822.jpg,Not-Misogyny,竭诚为您服务！
1434.jpg,Not-Misogyny,您 行
878.jpg,Not-Misogyny,那怎么办嘛？ 人家就是喜欢贴贴 那报警吧 猪猪 把我这个粘人精抓起来
914.jpg,Not-Misogyny,哈哈哈嘎嘎 这一天天 给一些幽默网友笑死
153.jpg,Not-Misogyny,我吗？ 我笨笨嘟
1558.jpg,Not-Misogyny,各国留学生图鉴 美国留学生 我还有事 我先走了 考不完的试 做不完的project 熬不完的大夜 又有案，习惯了
510.jpg,Not-Misogyny,我一天不能够认识太多的字 背了十分钟单词的你
1136.jpg,Not-Misogyny,什么博士硕士 老娘可是女士
1251.jpg,Misogyny,我最讨厌女人了
1419.jpg,Not-Misogyny,回家洗手，钱财就有
104.jpg,Not-Misogyny,打两小时羽毛球 晚上炒饭红烧肉
587.jpg,Misogyny,书你不读 逼你梦装
1504.jpg,Not-Misogyny,为什么只吃了一顿饭就这么胖了
1144.jpg,Misogyny,哎～ 女儿 父亲 儿子
54.jpg,Not-Misogyny,你很会下厨吧 看你挺会添油加醋的
152.jpg,Not-Misogyny,感到蕉绿
404.jpg,Misogyny,皇上今天是选秀女 充实他自己的后宫 繁衍子嗣 不是考状元 问学问的 女子无才便是德
1649.jpg,Not-Misogyny,还不来和我睡觉觉吗 老婆
208.jpg,Not-Misogyny,女性不是盘中肉 而是空中鹰 山中虎 水中龙
1606.jpg,Not-Misogyny,年后再说
1123.jpg,Not-Misogyny,你瘦了吗 预瘦
1490.jpg,Misogyny,西八
9.jpg,Not-Misogyny,身体好
1015.jpg,Not-Misogyny,人人都不看好我 偏偏我也不争气
1525.jpg,Not-Misogyny,亲爱的导师啊 写不出论文我有罪 退一万步讲你当初收我 眼光就没问题吗
1061.jpg,Not-Misogyny,不愧是我
453.jpg,Not-Misogyny,炫了各种零食准备入睡 猛然睁开 我真他妈该死啊
254.jpg,Misogyny,他们说：不要 高学历 无理取闹 头发这么短像男人 妆化太浓 太有事业心 情绪不稳定 去喝酒 太胖 吃太多 打扮的花枝招展 要平衡事业与家庭 穿衣暴露 哭哭啼啼 女汉子 晚上还出门 学理科 高学历
1328.jpg,Not-Misogyny,真是令人不适
897.jpg,Misogyny,女人不是好东西 一个个都是骗子
1478.jpg,Misogyny,没孩子我在别人面前都抬不起头 低头耽误你走路啊？
881.jpg,Not-Misogyny,现在连粗盐都比尊严贵
1601.jpg,Not-Misogyny,健康的作息固然健康 但玩命的熬夜实在精彩
624.jpg,Misogyny,给大宝添个伴儿
346.jpg,Misogyny,他们说： 你这么会做饭 以后一定会是个好妻子
1453.jpg,Misogyny,老子最讨厌女人了，滚！
263.jpg,Not-Misogyny,今天多一分拼搏 明天多八个男模
1322.jpg,Not-Misogyny,日子平淡，好在我喜欢
151.jpg,Not-Misogyny,太woman了! 太Woman了I 太woman了! 太woman了! @东亚女孩野生实验
473.jpg,Misogyny,锁骨明显 胸大 S腰 胯宽
641.jpg,Not-Misogyny,我念叨什么就会来什么 宇宙最宠我
1684.jpg,Misogyny,西八
1598.jpg,Misogyny,你现在不结婚 老了怎么办 我的猫会照顾我
551.jpg,Not-Misogyny,研究表明： 该物质成分为 男人骨子里的傲慢
929.jpg,Not-Misogyny,为什么要拿得起放得下 55555 I miss 它 very much 我又不是举重的
489.jpg,Not-Misogyny,当你洗澡唱歌时 你以为的： 天籁之音 悦耳动听 爱了爱了 我只能永远读着
1539.jpg,Not-Misogyny,挺那个的...
1172.jpg,Misogyny,没有老伴，以后生病了怎么办？ 怎么？ 老伴是药引吗？
147.jpg,Not-Misogyny,心疼的抱紧自己
1636.jpg,Not-Misogyny,放假啦 放假啦 放假啦 放假啦 放假啦
403.jpg,Not-Misogyny,嘻嘻
955.jpg,Not-Misogyny,欧吼！
1593.jpg,Not-Misogyny,今天犯点什么坏好呢
660.jpg,Not-Misogyny,你的假期比较松弛，但是呢，你的调休又弥补了这一部分。
1373.jpg,Not-Misogyny,王者把把输 恋爱回回哭 宝宝心里苦 吃个夜宵还被怼小肥猪
464.jpg,Not-Misogyny,逢考必过符 题目都会做的都对 考神护体 高分到手拿证无忧
1350.jpg,Not-Misogyny,你属什么的 属兔
187.jpg,Not-Misogyny,皇家公主千金范 T台模特有国际范 工位的我有劳改范
1148.jpg,Not-Misogyny,我也想睡觉，可是睡不着
1225.jpg,Misogyny,“疯”女人 他说：她简直疯了，当时发生的事完全不是她说的那样。 有必要为这点小事闹这么大吗？未免也太敏感和脆弱了吧。 她说话总是前言不搭后语的，不可信。 她患有抑郁症，精神多少有点问题。
609.jpg,Not-Misogyny,小狗还有猫咪 长辈还有老师 都看不出我的心事
144.jpg,Not-Misogyny,上海关心你 沪 cares you
752.jpg,Not-Misogyny,我说生活好苦加点糖 结果给我加了荒唐
982.jpg,Misogyny,不生娃 生的不是男娃
198.jpg,Not-Misogyny,女的最行
884.jpg,Not-Misogyny,我忘了你是太监阉人
280.jpg,Not-Misogyny,生活试图将我嚼烂 发现我嚼起来艮啾啾
294.jpg,Not-Misogyny,上班已经那么辛苦 不喝点小酒心里堵
1548.jpg,Not-Misogyny,女的厉害
401.jpg,Not-Misogyny,再浪费时间 我掐我自己
123.jpg,Not-Misogyny,好烦躁 像是走路 不能踩线 突然被打扰出局的烦躁
1208.jpg,Not-Misogyny,在干嘛 在加班
203.jpg,Misogyny,以前的婆婆 都几点了还睡还不起床 嫁过来就是我们的认了 嫁过来就得在婆家过年
1463.jpg,Not-Misogyny,就做一周 收不太到哈
836.jpg,Not-Misogyny,生活试图让我出丑 发现我出身哥谭
247.jpg,Misogyny,啊？什么？你妈逼？？
1440.jpg,Not-Misogyny,我有魔法 很多事情我都莫的办法
1612.jpg,Misogyny,多子多孙多福气
1596.jpg,Not-Misogyny,买完票后：看一眼车厢座位号
1154.jpg,Not-Misogyny,S属性大爆发 Study
1427.jpg,Misogyny,生女儿操心 生儿子费嘴
385.jpg,Not-Misogyny,风生水起
1495.jpg,Not-Misogyny,我果然是天才
855.jpg,Not-Misogyny,有了这些茶言茶语 哥哥还不是轻松拿下
220.jpg,Not-Misogyny,睡不捉。。
642.jpg,Not-Misogyny,你缺钱用？ 你姐姐哪一天不缺用 除非我已經死了
2.jpg,Not-Misogyny,准备过年回家 面对亲友“问候”的我
113.jpg,Misogyny,别说了渣女
699.jpg,Misogyny,CNM 三天之内鲨了你
1623.jpg,Not-Misogyny,我每天就读书看报 从不发神经
952.jpg,Not-Misogyny,真的太娘们了!
1489.jpg,Not-Misogyny,坏男人罪
1411.jpg,Not-Misogyny,還是現代好 不用献祭就能看到神迹 我愛太太
1410.jpg,Not-Misogyny,福 福 锻炼身体，开门见喜
1292.jpg,Misogyny,医院提倡你要 顺产加母乳喂养 专家提倡你尽量 不要把孩子给老人带 ENEN 听我说
1536.jpg,Not-Misogyny,雨水打湿小雅迪 发誓要开大奥迪
442.jpg,Not-Misogyny,又周一了
1137.jpg,Misogyny,臀大可以生儿子
1257.jpg,Not-Misogyny,满脑子全是 螺狮粉，酱香饼，生椰拿铁，锅包肉，椰奶小方，大把子，麻辣烫，烧猪手，油炸粑粑，海底捞，蛙来哒，肉蟹煲，炸鸡，汉堡，冰淇凌，大面包，海苔小贝，大麻薯，瑞士卷，芋泥盒子，薯片 体重三位数还敢在我面前叫嚣 少废话你只配这个 知道了 知道了
1398.jpg,Not-Misogyny,生活试图泼我冷水 发现我备好水杯
664.jpg,Not-Misogyny,其实我在等放假 好嗨哟 看似我在上班
1557.jpg,Misogyny,老子最讨厌女人了，滚！
1258.jpg,Not-Misogyny,我要山要海还要自由 开玩笑的我要去上班了
1648.jpg,Misogyny,厚背圆肩 手臂粗 大胸 水桶腰 大腿粗 小腿肌肉腿
318.jpg,Not-Misogyny,别藏了 快出来吧 工作你在哪儿呢？
649.jpg,Not-Misogyny,您继续说 我有在听
1435.jpg,Not-Misogyny,噩运有轮回 我这就把它抡回 不好意思啦
1480.jpg,Not-Misogyny,微臣惶恐
710.jpg,Misogyny,男人视力表 脸 胸 腿 腰 臀 内在美 高学历 温柔善良 孝顺体贴 每天都要上班 会做饭会洗衣 会生孩子会喂奶 夏天不要露得太多
1383.jpg,Not-Misogyny,我为什么要满足 你的要求 我又不是 许愿池
1283.jpg,Not-Misogyny,女子气概
973.jpg,Not-Misogyny,给你的世界 下点雨
628.jpg,Not-Misogyny,我是颗烂苹果 只是表面健康 其实眼泪汪汪滴 内心烂烂滴 但谁又在意呢
633.jpg,Not-Misogyny,眼睛闭上了 不知道是睡着了 还是归西了
1307.jpg,Not-Misogyny,微臣愚钝
1401.jpg,Not-Misogyny,努力这个词看着就累 一个奴出两份力
1409.jpg,Not-Misogyny,曾经我也想一了百了，可是我... 了不起
1249.jpg,Not-Misogyny,加班中 看我夺走你的灵魂 惊 啊，怎么没有？！
1658.jpg,Not-Misogyny,人生缓缓，自有答案
1255.jpg,Not-Misogyny,我可太喜欢上班了 虽然钱少 但是事多啊 茶救星球 红气石榴番茄 蔬果搭配 双重维C新口感
1497.jpg,Not-Misogyny,你有本事就凶我吧 哼 我会躲在别人怀里哭
1372.jpg,Not-Misogyny,编，你接着编
1355.jpg,Not-Misogyny,老子的腰 夺命的膘
1633.jpg,Not-Misogyny,喏，咖啡
1568.jpg,Not-Misogyny,能不能不去组会呀
796.jpg,Misogyny,妈妈说 要想拿下男孩子的心 首先拿住他的胃
646.jpg,Not-Misogyny,电你 在心跳吗？
1013.jpg,Not-Misogyny,喜欢上班的有福了 这周日也能上班
557.jpg,Misogyny,女人以前都得伺候老爷们，现在真是变了天，我儿子那叫没骨气 清朝都灭他百年了，这天也不是今天才变的，您啊，有空多看看 天气预报
682.jpg,Not-Misogyny,人生得意须尽欢 到点我就要下班
578.jpg,Not-Misogyny,太好咯 今天還活着
1110.jpg,Not-Misogyny,宝宝知错了
1267.jpg,Not-Misogyny,哎呦，使不得
1184.jpg,Not-Misogyny,枪枪复枪枪 枪枪何其多
525.jpg,Misogyny,每次购买卫生巾 老板都会心照不宣的拿出黑袋子
1060.jpg,Not-Misogyny,说我说话直接 你坦诚相待他心里有鬼
541.jpg,Not-Misogyny,正式确诊办公室安陵容 每天都很累 平等的恨每一个人
1195.jpg,Misogyny,我的父母: 你不生孩子，老了谁照顾你? 我：妈妈喝水
749.jpg,Not-Misogyny,my deeeeeear friend 新年慢乐 慢慢吃妈妈做的饭 慢慢听最爱听的歌 虽然 慢慢的 但想要的都会来
1571.jpg,Not-Misogyny,人是女的 性格是好的 素质是没有的
1431.jpg,Not-Misogyny,接下来的工作计划 等过年
485.jpg,Misogyny,有的女的冬天衣服一脱 肚子几层肉，看了真恶心！ 所以还是要运动啊 GYM 哈哈！ 冬天可以带去泡温泉，就知道有没有游泳圈！！ 哈哈！！ 对啊，自带游圈 我转头就跑！！
96.jpg,Misogyny,操你妈逼！
1021.jpg,Misogyny,以前的我：为什么要骂我厌女仇女给我扣这么大的帽子 明明你们自己才仇男 厌男 现在的我： 中国厌女第一人
564.jpg,Misogyny,可以照自己喜欢的选吗 娶妻娶贤 娶妾娶色
1265.jpg,Misogyny,女人只会勾走你的魂魄 吸干你的营养
743.jpg,Not-Misogyny,你要学 不然你所在的领域 就会少一位杰出的女性
864.jpg,Not-Misogyny,你这是在 关心我吗 又是你 我的朋友
1485.jpg,Not-Misogyny,快说 咱俩是不是天下第一好
892.jpg,Not-Misogyny,你爸来了！
1039.jpg,Not-Misogyny,坑 打游戏吗姐妹
207.jpg,Not-Misogyny,怎樣？我是不是該判死刑
393.jpg,Not-Misogyny,老实宅家，来年必发 新型肺炎预防手册
795.jpg,Not-Misogyny,你不会怪我吧
871.jpg,Not-Misogyny,公主请上线
398.jpg,Not-Misogyny,麦？
767.jpg,Misogyny,常言道，儿孙自有儿孙福 没有儿孙我享福
1561.jpg,Not-Misogyny,到点了到点了 今天的赎身钱赚到了 继续停留 是没有意义的···^_^
1242.jpg,Not-Misogyny,走了
1029.jpg,Misogyny,那些刻板印象 所谓假小子 不像个女生 以后怎么嫁出去
643.jpg,Not-Misogyny,生活就是晨起晨落，日子就是早出晚归 无论我活成什么样子，我都相信自己前途无量
1603.jpg,Not-Misogyny,请雇我工作
613.jpg,Misogyny,再不生就晚了！老大多寂寞啊！ 怎么还不要二胎？国家政策都开放了...... 大姑 二姨 姑妈
961.jpg,Not-Misogyny,你的逼事 比火龙果子还多
726.jpg,Not-Misogyny,欧吼！
684.jpg,Misogyny,你体会不到儿行母担忧的感觉 不当父母无忧
99.jpg,Not-Misogyny,没事就多钓鱼 比如 钓钓鲷鱼烧
805.jpg,Not-Misogyny,口罩一戴，福气常在
407.jpg,Not-Misogyny,周五周五 眉飞色舞
503.jpg,Not-Misogyny,告诉你一个好消息 我考上啦！！！
1072.jpg,Not-Misogyny,顺从 收到 不辛苦 是我活该的 我是loopy大人
1057.jpg,Misogyny,为什么不生孩子？ 我穷 怕生出个超穷综合症 生不了
930.jpg,Not-Misogyny,他还说我太敏感 因为被你猜中了
780.jpg,Misogyny,要留住一个男人先留住他的胃，于是，你养出一个猪队友 — —《中国妈妈带娃图鉴》
201.jpg,Not-Misogyny,互相尊重吧 反正大家 都是傻逼
135.jpg,Not-Misogyny,靠自己靠不住了 只有靠老天保佑了
1052.jpg,Misogyny,好孕贩卖机 985 8W 空姐8W 学生5W 5W 请投入您的身份与货币
41.jpg,Not-Misogyny,没有，我不会下班的 我的工作永远做不完
1018.jpg,Misogyny,为什么不生孩子 不想生不认识的人 那你老了怎么办 像你一样到处问
231.jpg,Not-Misogyny,就想着干饭 我不太思考
1514.jpg,Not-Misogyny,很不爽 是恨不得把地球当棒球 一棍子打飞全世界的不爽
379.jpg,Not-Misogyny,我当过孩子 知道孩子没啥用
289.jpg,Not-Misogyny,下班喽！ 今天的苦 先吃到这里
419.jpg,Misogyny,中国生育观念之不生孩子谁照顾你
392.jpg,Not-Misogyny,那你报警吧 我是不会改哒
593.jpg,Misogyny,怎么还不生孩子？ 不是不生是调生（下辈子生）
1523.jpg,Misogyny,既要会赚钱， 又要会做家务带孩子， 同时兼顾事业和家庭。 “你要是不工作，经济就不独立 “你要是不顾家庭，你就是自私” “你要是做全职主妇， 你就没有任何价值 看不見的女性困境
1163.jpg,Not-Misogyny,说我不讲理 因为他说不过你
1087.jpg,Misogyny,锁骨 蝴蝶骨 马甲线 小蛮腰 大长腿
1496.jpg,Misogyny,你现在不结婚 老了怎么办 也像你一样到处问
648.jpg,Misogyny,我的父母：你以后不生孩子 等你老了谁照顾你？ 我：
1153.jpg,Not-Misogyny,无处安放的手手
1368.jpg,Not-Misogyny,真娘们！
521.jpg,Misogyny,不伺候老公 不孝敬公婆
65.jpg,Not-Misogyny,说我太强势 说明你有主见不好拿捏
15.jpg,Not-Misogyny,爆炸 才是工作最好的归宿
1181.jpg,Misogyny,你不结婚 我头都抬不起来 那就低着头走路呗
1065.jpg,Not-Misogyny,我回来了 这次我要拿回属于我的一切！
493.jpg,Misogyny,你看看你姐你姐夫，多幸福 那我也嫁给我姐夫
380.jpg,Not-Misogyny,月曜日 周一该死油饼
188.jpg,Not-Misogyny,我都不敢想象 万一我有钱了 我的道德，思想品德 能不能经得起考验
764.jpg,Not-Misogyny,在小小的工位上 挖呀挖呀挖
217.jpg,Not-Misogyny,好棒！ 做牛做马
792.jpg,Not-Misogyny,你説的這個朋友到底是不是你自己
1077.jpg,Not-Misogyny,茶要泡开，人要想开
879.jpg,Misogyny,你不生孩子死了谁记得你 Who remembers you if you don't have a child and die 你太奶奶叫什么你记得吗？ Do you remember your grandmother's name?
338.jpg,Not-Misogyny,老婆我来啦！ 开小汽车 带老婆出去玩
720.jpg,Misogyny,去你吗的
296.jpg,Not-Misogyny,年后再说
1017.jpg,Not-Misogyny,我不饿啊，怎么啦？
1276.jpg,Not-Misogyny,你的人格类型是：休息者REST
1486.jpg,Misogyny,你不结婚 死了都没人知道 咋的，有人知道我还能活过来？
456.jpg,Misogyny,什么时候结婚 不结婚
1697.jpg,Not-Misogyny,高声些 这、很光彩！
816.jpg,Not-Misogyny,买点零食留着明天吃 我告诉你，零食 ，不许勾引我吃你 说好明天吃你，今晚绝对不碰你
270.jpg,Not-Misogyny,一二三四五 我爱星期五
996.jpg,Not-Misogyny,小狗坐了起来
202.jpg,Not-Misogyny,小样 开车车创死你！
162.jpg,Not-Misogyny,工作乱成一锅粥了 大家快趁热吃吧
1580.jpg,Misogyny,不结婚晚年没伴 结了婚不一定能活到晚年
730.jpg,Not-Misogyny,不行不可以 不能放弃 再扒拉两下一定有糖
402.jpg,Not-Misogyny,托福听力考试时 我 讲座材料
703.jpg,Not-Misogyny,上班别只回复 “好的” 回复：好嘞 跑堂的感觉 假装自己在拉车 有种店小二的服务精神
1501.jpg,Misogyny,那些来自异性的刻板印象或打着为你好的善意性别歧视 头发长
1130.jpg,Not-Misogyny,我再说一遍： 我在坐牢 我在坐牢 咪咪TV 请问你在做什么？
566.jpg,Not-Misogyny,如何在保持好身材的同时，又能比猪还吃得多
1414.jpg,Not-Misogyny,emmmmmm 欲言又止
1022.jpg,Not-Misogyny,证明人 期间所获奖励和接受 您吃过的最大苦是什么 上班
1026.jpg,Not-Misogyny,今天是疯狂作业目 V我作业 看看实力 等你！
1412.jpg,Not-Misogyny,工作己完成 请查收
1586.jpg,Not-Misogyny,专心致志等过年 才是 正道
1105.jpg,Misogyny,操你妈逼
206.jpg,Misogyny,有些人自己结婚了 就开始催别人结婚 搞的我以为婚姻是什么传销组织 必须要发展下线
35.jpg,Not-Misogyny,早上：沙拉 中午：沙拉 晚上 能吃的都给我杀啦
776.jpg,Not-Misogyny,打游戏啦
509.jpg,Not-Misogyny,加油！
1452.jpg,Misogyny,穿衣不自由 表现：穿这么好看给谁看 谁让你穿这么暴露 苍蝇不叮无缝的蛋 渣男就喜欢你这样的
1479.jpg,Not-Misogyny,我记住了 就是你 就是你 就是你 你对我一点都不好
1674.jpg,Not-Misogyny,困
1391.jpg,Not-Misogyny,想睡觉却异常清醒
92.jpg,Not-Misogyny,周五摆烂 啥也不干
1364.jpg,Not-Misogyny,学习 很轻松哒
898.jpg,Misogyny,去你妈的
565.jpg,Misogyny,操你妈 王炸 你图废了
1370.jpg,Not-Misogyny,等我给您送上院士宝座
777.jpg,Not-Misogyny,能 可以做到的 可以 做到！！！ 我们 可以 做到的！！！
242.jpg,Not-Misogyny,如果领导掉水里了 你该怎么做？ 先走OA审批 不批不敢捞
14.jpg,Not-Misogyny,减一斤肉跟玩命似的 涨一斤肉跟玩似的？
316.jpg,Not-Misogyny,善解人意是什么东西 委屈我自己让你开心吗？
601.jpg,Misogyny,CNM
388.jpg,Not-Misogyny,微臣这就去办
1298.jpg,Not-Misogyny,鱼哭了水知道 我哭了谁知道
167.jpg,Misogyny,结了婚，生了孩子，你才能成为真正的女人！ 我现在是条狗吗？
841.jpg,Misogyny,怎么还不生孩子？ 有啊，3岁了
21.jpg,Not-Misogyny,喝中药调理不了我了 要喝农药才行了
647.jpg,Misogyny,父母：不结婚年纪大了 就更不容易了 我：有钱情绪稳定的大姐姐谁不喜欢
1509.jpg,Not-Misogyny,能走路 就是好腿！
1155.jpg,Not-Misogyny,我司雇我在
1529.jpg,Not-Misogyny,在上班，什么事
832.jpg,Misogyny,你不生孩子就是自私 你不自私你帮我生，生完再把养老保险给我交了。
1268.jpg,Not-Misogyny,客户问题解决了吗 你啰嗦了
1591.jpg,Not-Misogyny,说我不懂事 你不好骗
563.jpg,Misogyny,赶紧劝劝你媳妇多个孩子以后有个什么事还能商量 商量什么，商量以后氧气罐是老大拔还是老二拔吗
1657.jpg,Not-Misogyny,我不理解
687.jpg,Misogyny,我同学家的孩子跟你差不多大的都二胎了，都当奶奶了。。 那我从今天开始管你叫奶奶行嘛
958.jpg,Not-Misogyny,那还真是抱歉呢
190.jpg,Not-Misogyny,气成鼠片
976.jpg,Not-Misogyny,距离下班还有三分钟！ 预备备！！
700.jpg,Not-Misogyny,今天的女孩 明天的建設者
1500.jpg,Not-Misogyny,国庆结束，收收心 准备迎接过年
511.jpg,Not-Misogyny,出门打工
1083.jpg,Not-Misogyny,熬过星期五 人生我做主
475.jpg,Not-Misogyny,这是非常弱智的一些表现
1585.jpg,Not-Misogyny,黄老师 你给我炒点豆角吧 我不想活了
857.jpg,Misogyny,好的 你忙吧 我吃柠檬 NMB WCNM
748.jpg,Not-Misogyny,前途一片光明啊
253.jpg,Misogyny,再不结婚 你父母的脸都让你丢光了！
22.jpg,Not-Misogyny,不要做emo的傀儡 要做快乐的领头人
1338.jpg,Not-Misogyny,老婆老婆老婆 超级想老婆 赶快奔赴老婆身边
460.jpg,Not-Misogyny,新的一年 经济独立 家里人给点就花点 不给就要点
1185.jpg,Not-Misogyny,下班了 今天的苦就先吃到这里
277.jpg,Misogyny,cnm 真晦气
956.jpg,Not-Misogyny,小妞，想你
1216.jpg,Misogyny,别挑三拣四的，遇到好的先结婚，感情慢慢培养！ 吵架了可以先离婚 孩子和钱可以慢慢分
386.jpg,Misogyny,终于生了个儿子！ 总算凑足了罚金！ 超生 超生罚款
806.jpg,Misogyny,结婚那么好还用催吗？ 地上有钱我还不知道捡吗？
1438.jpg,Not-Misogyny,帅到你了 不用赔钱吧
1516.jpg,Not-Misogyny,伤害人 呜呜呜 你真有一套
344.jpg,Not-Misogyny,不媚男 不爱女 我就这样。 对男生 对女生 装啥呢大姐 我就这么刻薄的过一辈子
770.jpg,Misogyny,以前的婆婆 在外面吃饭多浪费 再生一个呀，我帮你带 生完一胎催二胎 过日子我省着点花
1333.jpg,Not-Misogyny,但是还是要装一下 这电脑是一个字也看不进去
131.jpg,Misogyny,"不生孩子死家里都没人发现 No one in the family would even notice if they didn't give birth or die 我不是古董发现了也没有价值 I'm not an antique,If I find it,it's not worth it"
872.jpg,Not-Misogyny,走亲戚就是一场 巨大的粉丝见面会 所有人都对我了如指掌 但我一个都不认识
1124.jpg,Misogyny,对情感中的投入义务 你可曾听过 对婚育的无形期待 年纪不小了，女生早点结婚才合适 你是女生，不考虑结婚生孩子吗？ 有了家庭就该围绕家人转 不结婚生子就不是女人 男生不够成熟，女生可以多包容些 女生适当柔和些，关系才能和谐 恋爱要多忍耐，别总想着换人 他工作压力大，你多体谅一下 看见不平等
1397.jpg,Misogyny,不结婚 你的罪名就只有不结婚
88.jpg,Not-Misogyny,我是装修师傅 请问您装什么
1483.jpg,Misogyny,伴娘为什么要未婚的 因为如果是已婚的 会劝你一晚上不要结婚
331.jpg,Misogyny,你们准备什么时候要孩子 儿孙自有儿孙福 没有儿孙我享福
1239.jpg,Not-Misogyny,女人！团结！ GIRLS POWER！
467.jpg,Not-Misogyny,OK你说
122.jpg,Not-Misogyny,节后再说 不在
1639.jpg,Not-Misogyny,别催，在做了
1045.jpg,Misogyny,有些人自己结婚了 就开始催别人结婚 搞的我以为婚姻是什么传销组织 必须要发展下线
1096.jpg,Not-Misogyny,查岗了~ 和谁一起 在哪里 在干嘛 发个视频给我瞅瞅
1131.jpg,Not-Misogyny,轻轻敲醒沉睡的心灵
1295.jpg,Not-Misogyny,我是女孩 我什么样女孩就是什么样 而不是该有个女孩样
861.jpg,Not-Misogyny,告到中央 我要告到中央! ！！
1460.jpg,Not-Misogyny,诶这是什么工作？ 投一下 诶这是什么工作？ 投一下 诶这是什么工作？ 投一下 诶这是什么工作？ 投一下
1127.jpg,Not-Misogyny,2025 新年快乐
